timestamp,elapsed_s,co2_1,co2_2
2025-09-19T14:47:00,1.091,749.0,874.0
2025-09-19T14:47:01,2.197,748.0,872.0
2025-09-19T14:47:02,3.304,746.0,870.0
2025-09-19T14:47:04,4.416,744.0,869.0
2025-09-19T14:47:05,5.544,746.0,866.0
2025-09-19T14:47:06,6.670,746.0,863.0
2025-09-19T14:47:07,7.799,746.0,860.0
2025-09-19T14:47:08,8.931,747.0,857.0
2025-09-19T14:47:09,10.057,742.0,853.0
2025-09-19T14:47:10,11.189,737.0,850.0
2025-09-19T14:47:11,12.312,739.0,847.0
2025-09-19T14:47:13,13.437,742.0,844.0
2025-09-19T14:47:14,14.564,738.0,841.0
2025-09-19T14:47:15,15.697,739.0,838.0
2025-09-19T14:47:16,16.824,741.0,832.0
2025-09-19T14:47:17,17.951,744.0,828.0
2025-09-19T14:47:18,19.083,747.0,828.0
2025-09-19T14:47:19,20.210,745.0,826.0
2025-09-19T14:47:20,21.342,742.0,824.0
2025-09-19T14:47:22,22.471,742.0,822.0
2025-09-19T14:47:23,23.598,740.0,820.0
2025-09-19T14:47:24,24.719,742.0,819.0
2025-09-19T14:47:25,25.849,740.0,818.0
2025-09-19T14:47:26,26.973,739.0,816.0
2025-09-19T14:47:27,28.103,740.0,813.0
2025-09-19T14:47:28,29.232,742.0,811.0
2025-09-19T14:47:29,30.356,740.0,811.0
2025-09-19T14:47:31,31.489,739.0,809.0
2025-09-19T14:47:32,32.608,738.0,807.0
2025-09-19T14:47:33,33.734,739.0,805.0
2025-09-19T14:47:34,34.864,738.0,802.0
2025-09-19T14:47:35,35.998,738.0,802.0
2025-09-19T14:47:36,37.129,739.0,799.0
2025-09-19T14:47:37,38.246,738.0,799.0
2025-09-19T14:47:38,39.359,738.0,797.0
2025-09-19T14:47:40,40.491,736.0,796.0
2025-09-19T14:47:41,41.620,736.0,794.0
2025-09-19T14:47:42,42.750,736.0,794.0
2025-09-19T14:47:43,43.878,737.0,792.0
2025-09-19T14:47:44,44.999,739.0,791.0
2025-09-19T14:47:45,46.128,738.0,788.0
2025-09-19T14:47:46,47.255,739.0,789.0
2025-09-19T14:47:47,48.367,738.0,787.0
2025-09-19T14:47:49,49.493,737.0,785.0
2025-09-19T14:47:50,50.609,739.0,786.0
2025-09-19T14:47:51,51.731,738.0,784.0
2025-09-19T14:47:52,52.861,738.0,783.0
2025-09-19T14:47:53,53.987,738.0,782.0
2025-09-19T14:47:54,55.102,738.0,780.0
2025-09-19T14:47:55,56.230,738.0,779.0
2025-09-19T14:47:56,57.360,741.0,779.0
2025-09-19T14:47:58,58.485,742.0,779.0
2025-09-19T14:47:59,59.606,739.0,779.0
2025-09-19T14:48:00,60.732,739.0,776.0
2025-09-19T14:48:01,61.859,739.0,775.0
2025-09-19T14:48:02,62.991,739.0,774.0
2025-09-19T14:48:03,64.116,739.0,772.0
2025-09-19T14:48:04,65.241,739.0,771.0
2025-09-19T14:48:05,66.366,738.0,769.0
2025-09-19T14:48:07,67.489,738.0,768.0
2025-09-19T14:48:08,68.620,738.0,767.0
2025-09-19T14:48:09,69.748,739.0,767.0
2025-09-19T14:48:10,70.856,741.0,767.0
2025-09-19T14:48:11,71.982,741.0,767.0
2025-09-19T14:48:12,73.112,739.0,767.0
2025-09-19T14:48:13,74.246,739.0,765.0
2025-09-19T14:48:15,75.372,740.0,765.0
2025-09-19T14:48:16,76.503,739.0,764.0
2025-09-19T14:48:17,77.640,740.0,762.0
2025-09-19T14:48:18,78.771,740.0,764.0
2025-09-19T14:48:19,79.907,731.0,764.0
2025-09-19T14:48:20,81.028,735.0,762.0
2025-09-19T14:48:21,82.165,734.0,763.0
2025-09-19T14:48:22,83.271,735.0,764.0
2025-09-19T14:48:24,84.389,739.0,764.0
2025-09-19T14:48:25,85.516,740.0,765.0
2025-09-19T14:48:26,86.643,743.0,769.0
2025-09-19T14:48:27,87.774,747.0,770.0
2025-09-19T14:48:28,88.895,750.0,773.0
2025-09-19T14:48:29,90.016,756.0,776.0
2025-09-19T14:48:30,91.144,760.0,777.0
2025-09-19T14:48:31,92.274,761.0,780.0
2025-09-19T14:48:33,93.380,766.0,783.0
2025-09-19T14:48:34,94.507,771.0,785.0
2025-09-19T14:48:35,95.634,772.0,786.0
2025-09-19T14:48:36,96.762,773.0,787.0
2025-09-19T14:48:37,97.889,773.0,787.0
2025-09-19T14:48:38,99.020,773.0,785.0
2025-09-19T14:48:39,100.150,773.0,786.0
2025-09-19T14:48:40,101.278,774.0,789.0
2025-09-19T14:48:42,102.420,775.0,790.0
2025-09-19T14:48:43,103.549,774.0,789.0
2025-09-19T14:48:44,104.672,773.0,789.0
2025-09-19T14:48:45,105.801,774.0,789.0
2025-09-19T14:48:46,106.931,774.0,789.0
2025-09-19T14:48:47,108.058,773.0,789.0
2025-09-19T14:48:48,109.179,773.0,790.0
2025-09-19T14:48:49,110.305,774.0,789.0
2025-09-19T14:48:51,111.431,774.0,790.0
2025-09-19T14:48:52,112.560,774.0,791.0
2025-09-19T14:48:53,113.690,775.0,790.0
2025-09-19T14:48:54,114.809,776.0,791.0
2025-09-19T14:48:55,115.942,774.0,791.0
2025-09-19T14:48:56,117.072,771.0,790.0
2025-09-19T14:48:57,118.202,771.0,790.0
2025-09-19T14:48:58,119.330,771.0,787.0
2025-09-19T14:49:00,120.456,772.0,785.0
2025-09-19T14:49:01,121.569,768.0,785.0
2025-09-19T14:49:02,122.699,765.0,785.0
2025-09-19T14:49:03,123.833,765.0,784.0
2025-09-19T14:49:04,124.964,765.0,784.0
2025-09-19T14:49:05,126.097,763.0,784.0
2025-09-19T14:49:06,127.228,763.0,782.0
2025-09-19T14:49:07,128.332,763.0,783.0
2025-09-19T14:49:09,129.445,761.0,785.0
2025-09-19T14:49:10,130.573,759.0,787.0
2025-09-19T14:49:11,131.701,759.0,785.0
2025-09-19T14:49:12,132.829,758.0,785.0
2025-09-19T14:49:13,133.959,758.0,785.0
2025-09-19T14:49:14,135.088,757.0,784.0
2025-09-19T14:49:15,136.215,760.0,784.0
2025-09-19T14:49:16,137.348,758.0,783.0
2025-09-19T14:49:18,138.461,756.0,782.0
2025-09-19T14:49:19,139.573,755.0,782.0
2025-09-19T14:49:20,140.706,754.0,782.0
2025-09-19T14:49:21,141.839,754.0,782.0
2025-09-19T14:49:22,142.968,754.0,782.0
2025-09-19T14:49:23,144.100,754.0,782.0
2025-09-19T14:49:24,145.232,755.0,781.0
2025-09-19T14:49:25,146.363,756.0,780.0
2025-09-19T14:49:27,147.493,756.0,778.0
2025-09-19T14:49:28,148.621,757.0,777.0
2025-09-19T14:49:29,149.741,756.0,776.0
2025-09-19T14:49:30,150.873,756.0,775.0
2025-09-19T14:49:31,152.004,756.0,774.0
2025-09-19T14:49:32,153.120,755.0,773.0
2025-09-19T14:49:33,154.252,754.0,772.0
2025-09-19T14:49:35,155.388,753.0,772.0
2025-09-19T14:49:36,156.524,751.0,771.0
2025-09-19T14:49:37,157.657,748.0,772.0
2025-09-19T14:49:38,158.790,745.0,772.0
2025-09-19T14:49:39,159.919,739.0,773.0
2025-09-19T14:49:40,161.048,733.0,791.0
2025-09-19T14:49:41,162.183,756.0,807.0
2025-09-19T14:49:42,163.315,812.0,836.0
2025-09-19T14:49:44,164.448,844.0,888.0
2025-09-19T14:49:45,165.574,880.0,910.0
2025-09-19T14:49:46,166.705,912.0,940.0
2025-09-19T14:49:47,167.831,937.0,966.0
2025-09-19T14:49:48,168.962,990.0,998.0
2025-09-19T14:49:49,170.078,1040.0,1027.0
2025-09-19T14:49:50,171.210,1092.0,1061.0
2025-09-19T14:49:51,172.325,1206.0,1101.0
2025-09-19T14:49:53,173.432,1222.0,1127.0
2025-09-19T14:49:54,174.561,1282.0,1206.0
2025-09-19T14:49:55,175.692,1335.0,1256.0
2025-09-19T14:49:56,176.822,1370.0,1299.0
2025-09-19T14:49:57,177.951,1424.0,1338.0
2025-09-19T14:49:58,179.079,1460.0,1377.0
2025-09-19T14:49:59,180.209,1480.0,1412.0
2025-09-19T14:50:00,181.336,1524.0,1446.0
2025-09-19T14:50:02,182.467,1599.0,1513.0
2025-09-19T14:50:03,183.598,1642.0,1545.0
2025-09-19T14:50:04,184.710,1658.0,1572.0
2025-09-19T14:50:05,185.839,1668.0,1596.0
2025-09-19T14:50:06,186.968,1717.0,1617.0
2025-09-19T14:50:07,188.093,1736.0,1638.0
2025-09-19T14:50:08,189.222,1729.0,1652.0
2025-09-19T14:50:09,190.343,1745.0,1665.0
2025-09-19T14:50:11,191.467,1780.0,1673.0
2025-09-19T14:50:12,192.592,1785.0,1696.0
2025-09-19T14:50:13,193.711,1799.0,1710.0
2025-09-19T14:50:14,194.843,1821.0,1718.0
2025-09-19T14:50:15,195.975,1844.0,1725.0
2025-09-19T14:50:16,197.107,1868.0,1735.0
2025-09-19T14:50:17,198.240,1892.0,1745.0
2025-09-19T14:50:18,199.360,1918.0,1754.0
2025-09-19T14:50:20,200.492,1932.0,1761.0
2025-09-19T14:50:21,201.621,1926.0,1771.0
2025-09-19T14:50:22,202.749,1926.0,1778.0
2025-09-19T14:50:23,203.877,1954.0,1783.0
2025-09-19T14:50:24,205.008,1970.0,1785.0
2025-09-19T14:50:25,206.139,1962.0,1791.0
2025-09-19T14:50:26,207.266,1956.0,1804.0
2025-09-19T14:50:28,208.372,2005.0,1804.0
2025-09-19T14:50:29,209.499,2032.0,1795.0
2025-09-19T14:50:30,210.623,1977.0,1807.0
2025-09-19T14:50:31,211.747,2007.0,1818.0
2025-09-19T14:50:32,212.868,2078.0,1826.0
2025-09-19T14:50:33,213.993,2077.0,1839.0
2025-09-19T14:50:34,215.119,2077.0,1854.0
2025-09-19T14:50:35,216.245,2099.0,1863.0
2025-09-19T14:50:37,217.374,2080.0,1871.0
2025-09-19T14:50:38,218.480,2075.0,1876.0
2025-09-19T14:50:39,219.587,2102.0,1881.0
2025-09-19T14:50:40,220.709,2079.0,1883.0
2025-09-19T14:50:41,221.847,2052.0,1882.0
2025-09-19T14:50:42,222.970,2064.0,1881.0
2025-09-19T14:50:43,224.096,2064.0,1879.0
2025-09-19T14:50:44,225.220,2046.0,1879.0
2025-09-19T14:50:45,226.338,2041.0,1871.0
2025-09-19T14:50:47,227.455,2026.0,1860.0
2025-09-19T14:50:48,228.566,2004.0,1855.0
2025-09-19T14:50:49,229.680,1989.0,1836.0
2025-09-19T14:50:50,230.788,1977.0,1824.0
2025-09-19T14:50:51,231.908,1963.0,1812.0
2025-09-19T14:50:52,233.016,1948.0,1799.0
2025-09-19T14:50:53,234.137,1936.0,1786.0
2025-09-19T14:50:54,235.243,1923.0,1772.0
2025-09-19T14:50:55,236.357,1909.0,1756.0
2025-09-19T14:50:57,237.464,1893.0,1743.0
2025-09-19T14:50:58,238.580,1877.0,1728.0
2025-09-19T14:50:59,239.703,1839.0,1694.0
2025-09-19T14:51:00,240.830,1821.0,1678.0
2025-09-19T14:51:01,241.949,1803.0,1660.0
2025-09-19T14:51:02,243.078,1782.0,1644.0
2025-09-19T14:51:03,244.211,1781.0,1628.0
2025-09-19T14:51:04,245.335,1774.0,1612.0
2025-09-19T14:51:06,246.459,1749.0,1587.0
2025-09-19T14:51:07,247.571,1726.0,1573.0
2025-09-19T14:51:08,248.678,1697.0,1582.0
2025-09-19T14:51:09,249.787,1711.0,1552.0
2025-09-19T14:51:10,250.892,1695.0,1536.0
2025-09-19T14:51:11,251.998,1668.0,1540.0
2025-09-19T14:51:12,253.106,1657.0,1538.0
2025-09-19T14:51:13,254.215,1654.0,1528.0
2025-09-19T14:51:14,255.331,1636.0,1527.0
2025-09-19T14:51:16,256.449,1635.0,1526.0
2025-09-19T14:51:17,257.579,1631.0,1524.0
2025-09-19T14:51:18,258.697,1629.0,1515.0
2025-09-19T14:51:19,259.820,1624.0,1509.0
2025-09-19T14:51:20,260.948,1621.0,1503.0
2025-09-19T14:51:21,262.073,1614.0,1500.0
2025-09-19T14:51:22,263.195,1601.0,1495.0
2025-09-19T14:51:23,264.310,1589.0,1490.0
2025-09-19T14:51:25,265.436,1580.0,1482.0
2025-09-19T14:51:26,266.563,1569.0,1472.0
2025-09-19T14:51:27,267.690,1561.0,1458.0
2025-09-19T14:51:28,268.820,1540.0,1448.0
2025-09-19T14:51:29,269.942,1531.0,1440.0
2025-09-19T14:51:30,271.068,1522.0,1429.0
2025-09-19T14:51:31,272.193,1513.0,1418.0
2025-09-19T14:51:32,273.317,1501.0,1408.0
2025-09-19T14:51:34,274.444,1490.0,1399.0
2025-09-19T14:51:35,275.569,1479.0,1389.0
2025-09-19T14:51:36,276.687,1467.0,1380.0
2025-09-19T14:51:37,277.821,1444.0,1357.0
2025-09-19T14:51:38,278.942,1432.0,1349.0
2025-09-19T14:51:39,280.061,1420.0,1340.0
2025-09-19T14:51:40,281.188,1408.0,1328.0
2025-09-19T14:51:41,282.318,1396.0,1316.0
2025-09-19T14:51:43,283.426,1386.0,1305.0
2025-09-19T14:51:44,284.547,1373.0,1290.0
2025-09-19T14:51:45,285.680,1361.0,1279.0
2025-09-19T14:51:46,286.805,1350.0,1260.0
2025-09-19T14:51:47,287.923,1331.0,1252.0
2025-09-19T14:51:48,289.048,1322.0,1244.0
2025-09-19T14:51:49,290.172,1314.0,1234.0
2025-09-19T14:51:50,291.296,1305.0,1225.0
2025-09-19T14:51:52,292.426,1298.0,1222.0
2025-09-19T14:51:53,293.535,1288.0,1217.0
2025-09-19T14:51:54,294.641,1280.0,1207.0
2025-09-19T14:51:55,295.782,1266.0,1186.0
2025-09-19T14:51:56,296.902,1248.0,1176.0
2025-09-19T14:51:57,298.025,1240.0,1167.0
2025-09-19T14:51:58,299.151,1229.0,1157.0
2025-09-19T14:51:59,300.265,1219.0,1146.0
2025-09-19T14:52:01,301.387,1207.0,1136.0
2025-09-19T14:52:02,302.505,1195.0,1126.0
2025-09-19T14:52:03,303.622,1184.0,1117.0
2025-09-19T14:52:04,304.736,1173.0,1105.0
2025-09-19T14:52:05,305.851,1161.0,1084.0
2025-09-19T14:52:06,306.976,1140.0,1075.0
2025-09-19T14:52:07,308.105,1131.0,1065.0
2025-09-19T14:52:08,309.229,1120.0,1054.0
2025-09-19T14:52:09,310.360,1109.0,1047.0
2025-09-19T14:52:11,311.485,1097.0,1041.0
2025-09-19T14:52:12,312.613,1086.0,1034.0
2025-09-19T14:52:13,313.732,1076.0,1027.0
2025-09-19T14:52:14,314.856,1068.0,1013.0
2025-09-19T14:52:15,315.983,1045.0,1007.0
2025-09-19T14:52:16,317.110,1033.0,1000.0
2025-09-19T14:52:17,318.238,1022.0,994.0
2025-09-19T14:52:18,319.363,1013.0,987.0
2025-09-19T14:52:20,320.491,1006.0,979.0
2025-09-19T14:52:21,321.606,996.0,973.0
2025-09-19T14:52:22,322.721,987.0,967.0
2025-09-19T14:52:23,323.845,977.0,957.0
2025-09-19T14:52:24,324.972,968.0,952.0
2025-09-19T14:52:25,326.097,952.0,946.0
2025-09-19T14:52:26,327.243,943.0,941.0
2025-09-19T14:52:27,328.356,937.0,936.0
2025-09-19T14:52:29,329.470,933.0,930.0
2025-09-19T14:52:30,330.576,928.0,925.0
2025-09-19T14:52:31,331.681,922.0,920.0
2025-09-19T14:52:32,332.791,917.0,915.0
2025-09-19T14:52:33,333.901,912.0,906.0
2025-09-19T14:52:34,335.012,908.0,901.0
2025-09-19T14:52:35,336.129,895.0,897.0
2025-09-19T14:52:36,337.248,889.0,893.0
2025-09-19T14:52:37,338.365,884.0,888.0
2025-09-19T14:52:39,339.477,880.0,883.0
2025-09-19T14:52:40,340.589,876.0,878.0
2025-09-19T14:52:41,341.702,873.0,874.0
2025-09-19T14:52:42,342.826,870.0,870.0
2025-09-19T14:52:43,343.960,867.0,864.0
2025-09-19T14:52:44,345.069,863.0,861.0
2025-09-19T14:52:45,346.197,854.0,857.0
2025-09-19T14:52:46,347.332,854.0,853.0
2025-09-19T14:52:48,348.461,855.0,849.0
2025-09-19T14:52:49,349.585,851.0,845.0
2025-09-19T14:52:50,350.712,847.0,842.0
2025-09-19T14:52:51,351.840,843.0,840.0
2025-09-19T14:52:52,352.971,839.0,835.0
2025-09-19T14:52:53,354.096,835.0,832.0
2025-09-19T14:53:04,1.094,801.0,808.0
2025-09-19T14:53:05,2.201,797.0,808.0
2025-09-19T14:53:06,3.316,795.0,806.0
2025-09-19T14:53:08,4.445,792.0,805.0
2025-09-19T14:53:09,5.562,789.0,805.0
2025-09-19T14:53:10,6.686,786.0,803.0
2025-09-19T14:53:11,7.795,785.0,800.0
2025-09-19T14:53:12,8.914,783.0,796.0
2025-09-19T14:53:13,10.033,780.0,794.0
2025-09-19T14:53:16,12.342,775.0,792.0
2025-09-19T14:57:12,1.086,730.0,748.0
2025-09-19T14:57:13,2.202,730.0,748.0
2025-09-19T14:57:14,3.308,730.0,751.0
2025-09-19T14:57:16,4.433,731.0,752.0
2025-09-19T14:57:17,5.559,731.0,753.0
2025-09-19T14:57:18,6.683,730.0,752.0
2025-09-19T14:57:19,7.803,730.0,752.0
2025-09-19T14:57:20,8.930,730.0,752.0
2025-09-19T14:57:21,10.060,732.0,753.0
2025-09-19T14:57:22,11.184,734.0,752.0
2025-09-19T14:57:23,12.301,734.0,753.0
2025-09-19T14:57:25,13.449,733.0,754.0
2025-09-19T14:57:26,14.559,731.0,756.0
2025-09-19T14:57:31,16.203,734.0,755.0
2025-09-19T14:57:32,17.331,734.0,755.0
2025-09-19T14:57:33,18.464,734.0,755.0
2025-09-19T14:57:34,19.590,734.0,757.0
2025-09-19T14:57:35,20.723,735.0,757.0
2025-09-19T14:57:37,21.848,733.0,758.0
2025-09-19T14:57:38,22.970,734.0,758.0
2025-09-19T14:57:39,24.078,740.0,761.0
2025-09-19T14:57:40,25.199,742.0,763.0
2025-09-19T14:57:41,26.325,744.0,765.0
2025-09-19T14:57:42,27.453,743.0,764.0
2025-09-19T14:57:43,28.574,744.0,767.0
2025-09-19T14:57:44,29.688,744.0,770.0
2025-09-19T14:57:45,30.808,744.0,770.0
2025-09-19T14:57:47,31.940,744.0,768.0
2025-09-19T14:57:48,33.070,743.0,765.0
2025-09-19T14:57:49,34.194,744.0,766.0
2025-09-19T14:57:50,35.325,745.0,768.0
2025-09-19T14:57:51,36.457,746.0,769.0
2025-09-19T14:57:52,37.587,747.0,768.0
2025-09-19T14:57:53,38.727,747.0,769.0
2025-09-19T14:57:55,39.839,746.0,772.0
2025-09-19T14:57:56,40.973,747.0,770.0
2025-09-19T14:57:57,42.101,747.0,770.0
2025-09-19T14:57:58,43.229,747.0,770.0
2025-09-19T14:57:59,44.355,747.0,770.0
2025-09-19T14:58:00,45.480,747.0,771.0
2025-09-19T14:58:01,46.603,747.0,772.0
2025-09-19T14:58:02,47.730,744.0,772.0
2025-09-19T14:58:04,48.851,744.0,773.0
2025-09-19T14:58:05,49.983,745.0,773.0
2025-09-19T14:58:06,51.108,746.0,772.0
2025-09-19T14:58:07,52.238,744.0,772.0
2025-09-19T14:58:08,53.366,745.0,769.0
2025-09-19T14:58:09,54.482,742.0,769.0
2025-09-19T14:58:10,55.607,743.0,769.0
2025-09-19T14:58:11,56.740,745.0,768.0
2025-09-19T14:58:13,57.868,741.0,770.0
2025-09-19T14:58:14,58.997,738.0,771.0
2025-09-19T14:58:15,60.130,740.0,769.0
2025-09-19T14:58:16,61.259,738.0,767.0
2025-09-19T14:58:17,62.388,734.0,767.0
2025-09-19T14:58:18,63.512,727.0,768.0
2025-09-19T14:58:19,64.639,729.0,768.0
2025-09-19T14:58:20,65.765,734.0,767.0
2025-09-19T14:58:22,66.894,734.0,767.0
2025-09-19T14:58:23,68.028,735.0,763.0
2025-09-19T14:58:24,69.163,738.0,764.0
2025-09-19T14:58:25,70.291,734.0,763.0
2025-09-19T14:58:26,71.422,737.0,762.0
2025-09-19T14:58:27,72.554,735.0,762.0
2025-09-19T14:58:28,73.681,738.0,761.0
2025-09-19T14:58:29,74.787,737.0,760.0
2025-09-19T14:58:31,75.918,738.0,762.0
2025-09-19T14:58:32,77.048,741.0,764.0
2025-09-19T14:58:33,78.181,706.0,748.0
2025-09-19T14:58:34,79.310,730.0,768.0
2025-09-19T14:58:35,80.436,750.0,790.0
2025-09-19T14:58:36,81.567,796.0,804.0
2025-09-19T14:58:37,82.695,837.0,828.0
2025-09-19T14:58:38,83.803,885.0,863.0
2025-09-19T14:58:40,84.915,930.0,896.0
2025-09-19T14:58:41,86.045,956.0,919.0
2025-09-19T14:58:42,87.170,987.0,979.0
2025-09-19T14:58:43,88.295,1060.0,1022.0
2025-09-19T14:58:44,89.409,1128.0,1066.0
2025-09-19T14:58:45,90.527,1129.0,1068.0
2025-09-19T14:58:46,91.653,1187.0,1083.0
2025-09-19T14:58:47,92.780,1240.0,1122.0
2025-09-19T14:58:49,93.902,1279.0,1135.0
2025-09-19T14:58:50,95.022,1312.0,1159.0
2025-09-19T14:58:51,96.147,1338.0,1181.0
2025-09-19T14:58:52,97.275,1364.0,1212.0
2025-09-19T14:58:53,98.400,1395.0,1219.0
2025-09-19T14:58:54,99.528,1403.0,1228.0
2025-09-19T14:58:55,100.658,1411.0,1236.0
2025-09-19T14:58:56,101.785,1416.0,1244.0
2025-09-19T14:58:58,102.923,1420.0,1247.0
2025-09-19T14:58:59,104.035,1421.0,1247.0
2025-09-19T14:59:00,105.163,1422.0,1248.0
2025-09-19T14:59:01,106.289,1420.0,1247.0
2025-09-19T14:59:04,108.898,1418.0,1247.0
2025-09-19T14:59:05,110.017,1409.0,1245.0
2025-09-19T14:59:06,111.142,1401.0,1242.0
2025-09-19T14:59:07,112.268,1397.0,1230.0
2025-09-19T14:59:08,113.397,1391.0,1224.0
2025-09-19T14:59:09,114.508,1371.0,1218.0
2025-09-19T14:59:10,115.641,1359.0,1209.0
2025-09-19T14:59:11,116.769,1348.0,1201.0
2025-09-19T14:59:13,117.898,1333.0,1188.0
2025-09-19T14:59:14,119.031,1320.0,1177.0
2025-09-19T14:59:15,120.158,1308.0,1167.0
2025-09-19T14:59:16,121.278,1296.0,1158.0
2025-09-19T14:59:17,122.409,1284.0,1135.0
2025-09-19T14:59:18,123.539,1258.0,1126.0
2025-09-19T14:59:19,124.671,1246.0,1119.0
2025-09-19T14:59:20,125.799,1235.0,1109.0
2025-09-19T14:59:22,126.906,1227.0,1100.0
2025-09-19T14:59:23,128.035,1216.0,1091.0
2025-09-19T14:59:24,129.166,1206.0,1083.0
2025-09-19T14:59:25,130.275,1196.0,1076.0
2025-09-19T14:59:26,131.404,1186.0,1064.0
2025-09-19T14:59:27,132.531,1176.0,1059.0
2025-09-19T14:59:28,133.664,1160.0,1064.0
2025-09-19T14:59:29,134.795,1153.0,1068.0
2025-09-19T14:59:31,135.929,1150.0,1081.0
2025-09-19T14:59:32,137.048,1147.0,1092.0
2025-09-19T14:59:33,138.178,1132.0,1110.0
2025-09-19T14:59:34,139.309,1119.0,1126.0
2025-09-19T14:59:35,140.426,1178.0,1241.0
2025-09-19T14:59:36,141.543,1231.0,1291.0
2025-09-19T14:59:37,142.674,1331.0,1336.0
2025-09-19T14:59:38,143.801,1388.0,1378.0
2025-09-19T14:59:40,144.929,1440.0,1416.0
2025-09-19T14:59:41,146.051,1486.0,1455.0
2025-09-19T14:59:42,147.179,1527.0,1492.0
2025-09-19T14:59:43,148.306,1564.0,1524.0
2025-09-19T14:59:44,149.431,1596.0,1577.0
2025-09-19T14:59:45,150.559,1618.0,1599.0
2025-09-19T14:59:46,151.690,1656.0,1620.0
2025-09-19T14:59:47,152.819,1670.0,1639.0
2025-09-19T14:59:49,153.949,1676.0,1647.0
2025-09-19T14:59:50,155.077,1680.0,1653.0
2025-09-19T14:59:51,156.207,1679.0,1654.0
2025-09-19T14:59:52,157.338,1675.0,1655.0
2025-09-19T14:59:53,158.473,1673.0,1649.0
2025-09-19T14:59:54,159.596,1665.0,1643.0
2025-09-19T14:59:55,160.716,1647.0,1637.0
2025-09-19T14:59:56,161.828,1637.0,1627.0
2025-09-19T14:59:58,162.954,1625.0,1617.0
2025-09-19T14:59:59,164.081,1615.0,1606.0
2025-09-19T15:00:00,165.215,1606.0,1597.0
2025-09-19T15:00:01,166.343,1591.0,1581.0
2025-09-19T15:00:02,167.467,1574.0,1551.0
2025-09-19T15:00:03,168.591,1558.0,1538.0
2025-09-19T15:00:04,169.720,1536.0,1520.0
2025-09-19T15:00:06,170.852,1511.0,1504.0
2025-09-19T15:00:07,171.966,1495.0,1486.0
2025-09-19T15:00:08,173.099,1475.0,1471.0
2025-09-19T15:00:09,174.228,1459.0,1452.0
2025-09-19T15:00:10,175.360,1441.0,1436.0
2025-09-19T15:00:11,176.491,1425.0,1402.0
2025-09-19T15:00:12,177.624,1407.0,1384.0
2025-09-19T15:00:13,178.751,1389.0,1367.0
2025-09-19T15:00:15,179.885,1349.0,1350.0
2025-09-19T15:00:16,181.019,1334.0,1334.0
2025-09-19T15:00:17,182.136,1319.0,1316.0
2025-09-19T15:00:18,183.262,1302.0,1299.0
2025-09-19T15:00:19,184.387,1285.0,1282.0
2025-09-19T15:00:20,185.522,1269.0,1250.0
2025-09-19T15:00:21,186.651,1256.0,1236.0
2025-09-19T15:00:22,187.783,1239.0,1220.0
2025-09-19T15:00:24,188.911,1210.0,1206.0
2025-09-19T15:00:25,190.048,1195.0,1193.0
2025-09-19T15:00:26,191.179,1181.0,1179.0
2025-09-19T15:00:27,192.310,1165.0,1164.0
2025-09-19T15:00:28,193.440,1157.0,1145.0
2025-09-19T15:00:29,194.576,1144.0,1118.0
2025-09-19T15:00:30,195.709,1120.0,1104.0
2025-09-19T15:00:31,196.829,1107.0,1093.0
2025-09-19T15:00:33,197.965,1080.0,1081.0
2025-09-19T15:00:34,199.095,1076.0,1066.0
2025-09-19T15:00:35,200.207,1065.0,1055.0
2025-09-19T15:00:36,201.333,1045.0,1045.0
2025-09-19T15:00:37,202.467,1034.0,1038.0
2025-09-19T15:00:38,203.600,1024.0,1022.0
2025-09-19T15:00:39,204.734,1015.0,1015.0
2025-09-19T15:00:41,205.866,1002.0,1007.0
2025-09-19T15:00:42,206.973,987.0,997.0
2025-09-19T15:00:43,208.100,976.0,991.0
2025-09-19T15:00:44,209.226,968.0,986.0
2025-09-19T15:00:45,210.356,960.0,979.0
2025-09-19T15:00:46,211.484,951.0,973.0
2025-09-19T15:00:47,212.614,944.0,958.0
2025-09-19T15:00:48,213.740,939.0,952.0
2025-09-19T15:00:50,214.869,934.0,948.0
2025-09-19T15:00:51,215.998,920.0,944.0
2025-09-19T15:00:52,217.120,916.0,939.0
2025-09-19T15:00:53,218.247,911.0,933.0
2025-09-19T15:00:54,219.376,904.0,927.0
2025-09-19T15:00:55,220.503,899.0,921.0
2025-09-19T15:00:56,221.620,892.0,911.0
2025-09-19T15:00:57,222.749,888.0,906.0
2025-09-19T15:00:59,223.888,886.0,902.0
2025-09-19T15:01:00,225.018,875.0,897.0
2025-09-19T15:01:01,226.133,870.0,893.0
2025-09-19T15:01:02,227.255,863.0,888.0
2025-09-19T15:01:03,228.379,863.0,885.0
2025-09-19T15:01:04,229.508,860.0,884.0
2025-09-19T15:01:05,230.634,853.0,880.0
2025-09-19T15:01:06,231.744,849.0,875.0
2025-09-19T15:01:08,232.868,849.0,869.0
2025-09-19T15:01:09,233.975,847.0,866.0
2025-09-19T15:01:10,235.099,846.0,863.0
2025-09-19T15:01:11,236.224,844.0,860.0
2025-09-19T15:01:12,237.355,838.0,857.0
2025-09-19T15:01:13,238.483,835.0,854.0
2025-09-19T15:01:14,239.608,833.0,849.0
2025-09-19T15:01:15,240.741,831.0,845.0
2025-09-19T15:01:17,241.856,833.0,842.0
2025-09-19T15:01:18,242.986,830.0,842.0
2025-09-19T15:01:19,244.118,824.0,838.0
2025-09-19T15:01:20,245.244,824.0,835.0
2025-09-19T15:01:21,246.362,822.0,833.0
2025-09-19T15:01:22,247.492,819.0,829.0
2025-09-19T15:01:23,248.625,817.0,825.0
2025-09-19T15:01:24,249.755,810.0,823.0
2025-09-19T15:01:26,250.886,806.0,822.0
2025-09-19T15:01:27,251.995,809.0,821.0
2025-09-19T15:01:28,253.124,807.0,818.0
2025-09-19T15:01:29,254.246,803.0,816.0
2025-09-19T15:01:30,255.377,804.0,813.0
2025-09-19T15:01:31,256.505,802.0,810.0
2025-09-19T15:01:32,257.628,797.0,809.0
2025-09-19T15:01:33,258.760,795.0,805.0
2025-09-19T15:01:35,259.886,795.0,803.0
2025-09-19T15:01:36,261.013,793.0,801.0
2025-09-19T15:01:37,262.145,791.0,799.0
2025-09-19T15:01:38,263.273,787.0,796.0
2025-09-19T15:01:39,264.403,779.0,796.0
2025-09-19T15:01:40,265.533,771.0,795.0
2025-09-19T15:01:41,266.657,771.0,792.0
2025-09-19T15:01:42,267.790,771.0,791.0
2025-09-19T15:01:44,268.922,771.0,788.0
2025-09-19T15:01:45,270.054,769.0,787.0
2025-09-19T15:01:46,271.186,768.0,787.0
2025-09-19T15:01:47,272.307,766.0,786.0
2025-09-19T15:01:48,273.436,766.0,786.0
2025-09-19T15:01:49,274.567,765.0,784.0
2025-09-19T15:01:50,275.698,765.0,780.0
2025-09-19T15:01:51,276.824,764.0,780.0
2025-09-19T15:01:53,277.955,761.0,779.0
2025-09-19T15:01:54,279.081,762.0,779.0
2025-09-19T15:01:55,280.212,761.0,779.0
2025-09-19T15:01:56,281.337,762.0,778.0
2025-09-19T15:01:57,282.466,759.0,777.0
2025-09-19T15:01:58,283.597,760.0,775.0
2025-09-19T15:01:59,284.729,760.0,773.0
2025-09-19T15:02:01,285.857,759.0,772.0
2025-09-19T15:02:02,286.963,758.0,774.0
2025-09-19T15:02:03,288.088,756.0,773.0
2025-09-19T15:02:04,289.216,754.0,772.0
2025-09-19T15:02:05,290.327,754.0,771.0
2025-09-19T15:02:06,291.457,754.0,770.0
2025-09-19T15:02:07,292.588,754.0,770.0
2025-09-19T15:02:08,293.717,748.0,770.0
2025-09-19T15:02:10,294.849,742.0,769.0
2025-09-19T15:02:11,295.957,742.0,769.0
2025-09-19T15:02:12,297.067,741.0,769.0
2025-09-19T15:02:13,298.211,739.0,768.0
2025-09-19T15:02:14,299.341,736.0,767.0
2025-09-19T15:02:15,300.470,737.0,768.0
2025-09-19T15:02:16,301.595,735.0,765.0
2025-09-19T15:02:17,302.723,733.0,765.0
2025-09-19T15:02:19,303.855,734.0,765.0
2025-09-19T15:02:20,304.986,736.0,765.0
2025-09-19T15:02:21,306.112,736.0,763.0
2025-09-19T15:02:22,307.236,737.0,762.0
2025-09-19T15:02:23,308.367,738.0,760.0
2025-09-19T15:02:24,309.497,740.0,760.0
2025-09-19T15:02:25,310.629,742.0,760.0
2025-09-19T15:02:26,311.757,739.0,760.0
2025-09-19T15:02:28,312.883,739.0,760.0
2025-09-19T15:02:29,314.015,738.0,760.0
2025-09-19T15:02:30,315.142,738.0,760.0
2025-09-19T15:02:31,316.271,737.0,759.0
2025-09-19T15:02:32,317.395,737.0,758.0
2025-09-19T15:02:33,318.524,736.0,758.0
2025-09-19T15:02:34,319.655,731.0,757.0
2025-09-19T15:02:35,320.788,727.0,757.0
2025-09-19T15:02:37,321.919,729.0,757.0
2025-09-19T15:02:38,323.056,730.0,757.0
2025-09-19T15:02:39,324.191,732.0,757.0
2025-09-19T15:02:40,325.319,733.0,758.0
2025-09-19T15:02:41,326.456,734.0,758.0
2025-09-19T15:02:42,327.596,734.0,757.0
2025-09-19T15:02:43,328.721,734.0,757.0
2025-09-19T15:02:45,329.856,733.0,755.0
2025-09-19T15:02:46,330.991,733.0,755.0
2025-09-19T15:02:47,332.111,734.0,754.0
2025-09-19T15:02:48,333.247,735.0,753.0
2025-09-19T15:02:49,334.379,737.0,752.0
2025-09-19T15:02:50,335.515,739.0,752.0
2025-09-19T15:02:51,336.654,739.0,751.0
2025-09-19T15:02:52,337.791,739.0,750.0
2025-09-19T15:02:54,338.933,739.0,749.0
2025-09-19T15:02:55,340.067,739.0,748.0
2025-09-19T15:02:56,341.204,739.0,750.0
2025-09-19T15:02:57,342.337,741.0,751.0
2025-09-19T15:02:58,343.473,742.0,750.0
2025-09-19T15:02:59,344.610,735.0,750.0
2025-09-19T15:03:00,345.746,734.0,751.0
2025-09-19T15:03:02,346.871,733.0,752.0
2025-09-19T15:03:03,348.009,729.0,752.0
2025-09-19T15:03:04,349.145,725.0,752.0
2025-09-19T15:03:05,350.266,725.0,753.0
2025-09-19T15:03:06,351.403,724.0,753.0
2025-09-19T15:03:07,352.537,727.0,753.0
2025-09-19T15:03:08,353.675,727.0,751.0
2025-09-19T15:03:09,354.812,727.0,750.0
2025-09-19T15:03:11,355.948,729.0,752.0
2025-09-19T15:03:12,357.057,729.0,752.0
2025-09-19T15:03:13,358.194,725.0,751.0
2025-09-19T15:03:14,359.318,725.0,751.0
2025-09-19T15:03:15,360.453,726.0,750.0
2025-09-19T15:03:16,361.590,724.0,750.0
2025-09-19T15:03:17,362.722,728.0,750.0
2025-09-19T15:03:19,363.860,726.0,750.0
2025-09-19T15:03:20,364.996,727.0,751.0
2025-09-19T15:03:21,366.133,728.0,752.0
2025-09-19T15:03:22,367.272,726.0,752.0
2025-09-19T15:03:23,368.407,728.0,752.0
2025-09-19T15:03:24,369.544,733.0,752.0
2025-09-19T15:03:25,370.695,733.0,752.0
2025-09-19T15:03:26,371.830,733.0,750.0
2025-09-19T15:03:28,372.967,733.0,749.0
2025-09-19T15:03:29,374.106,733.0,749.0
2025-09-19T15:03:30,375.246,732.0,749.0
2025-09-19T15:03:31,376.379,730.0,748.0
2025-09-19T15:03:32,377.514,731.0,749.0
2025-09-19T15:03:33,378.650,730.0,749.0
2025-09-19T15:03:34,379.789,733.0,743.0
2025-09-19T15:03:36,380.928,730.0,738.0
2025-09-19T15:03:37,382.043,732.0,739.0
2025-09-19T15:03:38,383.183,734.0,740.0
2025-09-19T15:03:39,384.319,733.0,741.0
2025-09-19T15:03:40,385.457,732.0,742.0
2025-09-19T15:03:41,386.600,731.0,742.0
2025-09-19T15:03:42,387.734,732.0,742.0
2025-09-19T15:03:44,388.869,733.0,743.0
2025-09-19T15:03:45,390.001,733.0,744.0
2025-09-19T15:03:46,391.132,733.0,745.0
2025-09-19T15:03:47,392.258,734.0,745.0
2025-09-19T15:03:48,393.392,734.0,747.0
2025-09-19T15:03:49,394.525,735.0,749.0
2025-09-19T15:03:50,395.659,735.0,750.0
2025-09-19T15:03:51,396.794,736.0,748.0
2025-09-19T15:03:53,397.929,737.0,749.0
2025-09-19T15:03:54,399.061,737.0,751.0
2025-09-19T15:03:55,400.188,737.0,753.0
2025-09-19T15:03:56,401.317,736.0,754.0
2025-09-19T15:03:57,402.452,736.0,753.0
2025-09-19T15:03:58,403.582,733.0,753.0
2025-09-19T15:03:59,404.715,732.0,752.0
2025-09-19T15:04:01,405.844,732.0,752.0
2025-09-19T15:04:02,406.977,731.0,752.0
2025-09-19T15:04:03,408.108,731.0,753.0
2025-09-19T15:04:04,409.240,733.0,753.0
2025-09-19T15:04:05,410.353,731.0,750.0
2025-09-19T15:04:06,411.483,729.0,751.0
2025-09-19T15:04:07,412.612,729.0,752.0
2025-09-19T15:04:08,413.740,730.0,752.0
2025-09-19T15:04:10,414.869,728.0,753.0
2025-09-19T15:04:11,415.996,725.0,752.0
2025-09-19T15:04:12,417.100,726.0,752.0
2025-09-19T15:04:13,418.232,725.0,751.0
2025-09-19T15:04:14,419.358,725.0,752.0
2025-09-19T15:04:15,420.488,724.0,753.0
2025-09-19T15:04:16,421.616,724.0,752.0
2025-09-19T15:04:17,422.745,724.0,751.0
2025-09-19T15:04:19,423.875,721.0,751.0
2025-09-19T15:04:20,425.005,726.0,749.0
2025-09-19T15:04:21,426.142,726.0,749.0
2025-09-19T15:04:22,427.253,723.0,748.0
2025-09-19T15:04:23,428.379,724.0,750.0
2025-09-19T15:04:24,429.508,724.0,750.0
2025-09-19T15:04:25,430.638,723.0,747.0
2025-09-19T15:04:26,431.767,721.0,748.0
2025-09-19T15:04:28,432.897,720.0,748.0
2025-09-19T15:04:29,434.027,725.0,748.0
2025-09-19T15:04:30,435.157,723.0,749.0
2025-09-19T15:04:31,436.285,724.0,749.0
2025-09-19T15:04:32,437.414,726.0,750.0
2025-09-19T15:04:33,438.541,724.0,750.0
2025-09-19T15:04:34,439.673,722.0,750.0
2025-09-19T15:04:35,440.803,722.0,750.0
2025-09-19T15:04:37,441.933,721.0,747.0
2025-09-19T15:04:38,443.061,720.0,747.0
2025-09-19T15:04:39,444.186,721.0,745.0
2025-09-19T15:04:40,445.308,722.0,747.0
2025-09-19T15:04:41,446.437,722.0,747.0
2025-09-19T15:04:42,447.565,721.0,747.0
2025-09-19T15:04:43,448.692,720.0,747.0
2025-09-19T15:04:44,449.820,718.0,747.0
2025-09-19T15:04:46,450.948,721.0,747.0
2025-09-19T15:04:47,452.078,723.0,747.0
2025-09-19T15:04:48,453.210,723.0,747.0
2025-09-19T15:04:49,454.330,723.0,747.0
2025-09-19T15:04:50,455.459,724.0,747.0
2025-09-19T15:04:51,456.589,725.0,747.0
2025-09-19T15:04:52,457.720,725.0,747.0
2025-09-19T15:04:54,458.849,727.0,748.0
2025-09-19T15:04:55,459.980,727.0,748.0
2025-09-19T15:04:56,461.107,727.0,747.0
2025-09-19T15:04:57,462.208,724.0,748.0
2025-09-19T15:04:58,463.334,726.0,748.0
2025-09-19T15:04:59,464.465,728.0,750.0
2025-09-19T15:05:00,465.596,727.0,750.0
2025-09-19T15:05:01,466.726,727.0,748.0
2025-09-19T15:05:03,467.854,727.0,747.0
2025-09-19T15:05:04,468.982,727.0,747.0
2025-09-19T15:05:05,470.096,727.0,747.0
2025-09-19T15:05:06,471.224,728.0,747.0
2025-09-19T15:05:07,472.338,730.0,745.0
2025-09-19T15:05:08,473.467,730.0,745.0
2025-09-19T15:05:09,474.599,728.0,745.0
2025-09-19T15:05:10,475.716,727.0,743.0
2025-09-19T15:05:12,476.845,727.0,743.0
2025-09-19T15:05:13,477.977,727.0,743.0
2025-09-19T15:05:14,479.109,727.0,743.0
2025-09-19T15:05:15,480.240,726.0,745.0
2025-09-19T15:05:16,481.368,727.0,745.0
2025-09-19T15:05:17,482.496,726.0,745.0
2025-09-19T15:05:18,483.625,724.0,745.0
2025-09-19T15:05:19,484.754,721.0,744.0
2025-09-19T15:05:21,485.885,722.0,744.0
2025-09-19T15:05:22,487.013,722.0,745.0
2025-09-19T15:05:23,488.142,721.0,743.0
2025-09-19T15:05:24,489.275,720.0,743.0
2025-09-19T15:05:25,490.409,720.0,743.0
2025-09-19T15:05:26,491.542,721.0,743.0
2025-09-19T15:05:27,492.673,724.0,740.0
2025-09-19T15:05:28,493.805,724.0,741.0
2025-09-19T15:05:30,494.935,722.0,743.0
2025-09-19T15:05:31,496.066,721.0,743.0
2025-09-19T15:05:32,497.200,720.0,743.0
2025-09-19T15:05:33,498.320,720.0,741.0
2025-09-19T15:05:34,499.449,723.0,742.0
2025-09-19T15:05:35,500.592,725.0,745.0
2025-09-19T15:05:36,501.700,724.0,745.0
2025-09-19T15:05:37,502.830,724.0,746.0
2025-09-19T15:05:39,503.959,724.0,748.0
2025-09-19T15:05:40,505.090,723.0,748.0
2025-09-19T15:05:41,506.219,722.0,747.0
2025-09-19T15:05:42,507.324,721.0,747.0
2025-09-19T15:05:43,508.454,721.0,748.0
2025-09-19T15:05:44,509.582,721.0,747.0
2025-09-19T15:05:45,510.709,721.0,746.0
2025-09-19T15:05:47,511.838,722.0,745.0
2025-09-19T15:05:48,512.969,724.0,747.0
2025-09-19T15:05:49,514.100,721.0,747.0
2025-09-19T15:05:50,515.233,718.0,746.0
2025-09-19T15:05:51,516.361,721.0,745.0
2025-09-19T15:05:52,517.488,724.0,744.0
2025-09-19T15:05:53,518.618,724.0,745.0
2025-09-19T15:05:54,519.747,722.0,745.0
2025-09-19T15:05:56,520.878,721.0,745.0
2025-09-19T15:05:57,522.007,721.0,745.0
2025-09-19T15:05:58,523.137,721.0,745.0
2025-09-19T15:05:59,524.270,721.0,745.0
2025-09-19T15:06:00,525.400,721.0,747.0
2025-09-19T15:06:01,526.536,721.0,747.0
2025-09-19T15:06:02,527.665,722.0,747.0
2025-09-19T15:06:03,528.796,723.0,747.0
2025-09-19T15:06:05,529.926,723.0,747.0
2025-09-19T15:06:06,531.056,723.0,747.0
2025-09-19T15:06:07,532.186,724.0,748.0
2025-09-19T15:06:08,533.309,726.0,747.0
2025-09-19T15:06:09,534.440,724.0,747.0
2025-09-19T15:06:10,535.569,723.0,747.0
2025-09-19T15:06:11,536.700,722.0,747.0
2025-09-19T15:06:12,537.830,723.0,747.0
2025-09-19T15:06:14,538.957,724.0,746.0
2025-09-19T15:06:15,540.087,727.0,745.0
2025-09-19T15:06:16,541.217,731.0,745.0
2025-09-19T15:06:17,542.322,729.0,745.0
2025-09-19T15:06:18,543.450,728.0,746.0
2025-09-19T15:06:19,544.576,729.0,744.0
2025-09-19T15:06:20,545.709,729.0,743.0
2025-09-19T15:06:22,546.840,728.0,743.0
2025-09-19T15:06:23,547.971,726.0,743.0
2025-09-19T15:06:24,549.100,724.0,742.0
2025-09-19T15:06:25,550.232,724.0,741.0
2025-09-19T15:06:26,551.359,724.0,740.0
2025-09-19T15:06:27,552.475,725.0,738.0
2025-09-19T15:06:28,553.602,725.0,738.0
2025-09-19T15:06:29,554.738,724.0,739.0
2025-09-19T15:06:31,555.857,723.0,740.0
2025-09-19T15:06:32,556.984,722.0,740.0
2025-09-19T15:06:33,558.114,721.0,740.0
2025-09-19T15:06:34,559.245,719.0,740.0
2025-09-19T15:06:35,560.357,720.0,741.0
2025-09-19T15:06:36,561.492,722.0,741.0
2025-09-19T15:06:37,562.621,722.0,741.0
2025-09-19T15:06:38,563.752,724.0,740.0
2025-09-19T15:06:40,564.884,724.0,740.0
2025-09-19T15:06:41,566.013,724.0,741.0
2025-09-19T15:06:42,567.144,724.0,741.0
2025-09-19T15:06:43,568.275,724.0,741.0
2025-09-19T15:06:44,569.404,725.0,741.0
2025-09-19T15:06:45,570.531,724.0,741.0
2025-09-19T15:06:46,571.661,724.0,742.0
2025-09-19T15:06:47,572.794,723.0,742.0
2025-09-19T15:06:49,573.926,724.0,743.0
2025-09-19T15:06:50,575.059,724.0,743.0
2025-09-19T15:06:51,576.196,724.0,743.0
2025-09-19T15:06:52,577.311,720.0,743.0
2025-09-19T15:06:53,578.442,717.0,742.0
2025-09-19T15:06:54,579.573,721.0,743.0
2025-09-19T15:06:55,580.704,721.0,743.0
2025-09-19T15:06:57,581.836,721.0,743.0
2025-09-19T15:06:58,582.968,722.0,743.0
2025-09-19T15:06:59,584.100,716.0,743.0
2025-09-19T15:07:00,585.232,717.0,743.0
2025-09-19T15:07:01,586.358,719.0,744.0
2025-09-19T15:07:02,587.469,721.0,744.0
2025-09-19T15:07:03,588.601,724.0,743.0
2025-09-19T15:07:04,589.731,724.0,743.0
2025-09-19T15:07:06,590.859,729.0,743.0
2025-09-19T15:07:07,591.990,727.0,743.0
2025-09-19T15:07:08,593.120,725.0,743.0
2025-09-19T15:07:09,594.251,725.0,743.0
2025-09-19T15:07:10,595.380,724.0,743.0
2025-09-19T15:07:11,596.514,724.0,742.0
2025-09-19T15:07:12,597.645,725.0,741.0
2025-09-19T15:07:13,598.770,724.0,741.0
2025-09-19T15:07:15,599.902,725.0,742.0
2025-09-19T15:07:16,601.035,723.0,742.0
2025-09-19T15:07:17,602.168,723.0,743.0
2025-09-19T15:07:18,603.302,721.0,744.0
2025-09-19T15:07:19,604.434,722.0,743.0
2025-09-19T15:07:20,605.565,722.0,743.0
2025-09-19T15:07:21,606.696,719.0,743.0
2025-09-19T15:07:22,607.831,719.0,743.0
2025-09-19T15:07:24,608.962,718.0,743.0
2025-09-19T15:07:25,610.089,718.0,741.0
2025-09-19T15:07:26,611.200,720.0,741.0
2025-09-19T15:07:27,612.313,719.0,740.0
2025-09-19T15:07:28,613.443,715.0,740.0
2025-09-19T15:07:29,614.575,715.0,740.0
2025-09-19T15:07:30,615.711,716.0,740.0
2025-09-19T15:07:32,616.848,716.0,740.0
2025-09-19T15:07:33,617.983,715.0,740.0
2025-09-19T15:07:34,619.116,715.0,740.0
2025-09-19T15:07:35,620.228,718.0,741.0
2025-09-19T15:07:36,621.357,718.0,741.0
2025-09-19T15:07:37,622.467,720.0,740.0
2025-09-19T15:07:38,623.601,724.0,740.0
2025-09-19T15:07:39,624.738,722.0,740.0
2025-09-19T15:07:41,625.869,720.0,743.0
2025-09-19T15:07:42,627.000,725.0,743.0
2025-09-19T15:07:43,628.128,723.0,741.0
2025-09-19T15:07:44,629.259,721.0,742.0
2025-09-19T15:07:45,630.392,721.0,741.0
2025-09-19T15:07:46,631.512,724.0,741.0
2025-09-19T15:07:47,632.638,725.0,743.0
2025-09-19T15:07:48,633.768,727.0,743.0
2025-09-19T15:07:50,634.899,725.0,743.0
2025-09-19T15:07:51,636.033,727.0,743.0
2025-09-19T15:07:52,637.165,724.0,743.0
2025-09-19T15:07:53,638.292,724.0,743.0
2025-09-19T15:07:54,639.410,728.0,742.0
2025-09-19T15:07:55,640.539,728.0,743.0
2025-09-19T15:07:56,641.672,728.0,742.0
2025-09-19T15:07:57,642.804,729.0,742.0
2025-09-19T15:07:59,643.933,728.0,741.0
2025-09-19T15:08:00,645.056,728.0,742.0
2025-09-19T15:08:01,646.189,729.0,743.0
2025-09-19T15:08:02,647.316,729.0,742.0
2025-09-19T15:08:03,648.448,730.0,743.0
2025-09-19T15:08:04,649.576,732.0,743.0
2025-09-19T15:08:05,650.712,731.0,744.0
2025-09-19T15:08:07,651.838,729.0,744.0
2025-09-19T15:08:08,652.968,729.0,744.0
2025-09-19T15:08:09,654.094,732.0,742.0
2025-09-19T15:08:10,655.223,728.0,742.0
2025-09-19T15:08:11,656.350,728.0,744.0
2025-09-19T15:08:12,657.458,728.0,745.0
2025-09-19T15:08:13,658.588,726.0,745.0
2025-09-19T15:08:14,659.719,726.0,743.0
2025-09-19T15:08:16,660.846,726.0,744.0
2025-09-19T15:08:17,661.979,726.0,745.0
2025-09-19T15:08:18,663.105,726.0,745.0
2025-09-19T15:08:19,664.238,723.0,745.0
2025-09-19T15:08:20,665.368,725.0,745.0
2025-09-19T15:08:21,666.496,723.0,743.0
2025-09-19T15:08:22,667.609,723.0,742.0
2025-09-19T15:08:23,668.746,724.0,743.0
2025-09-19T15:08:25,669.869,721.0,743.0
2025-09-19T15:08:26,671.001,722.0,743.0
2025-09-19T15:08:27,672.130,727.0,743.0
2025-09-19T15:08:28,673.259,723.0,743.0
2025-09-19T15:08:29,674.389,723.0,744.0
2025-09-19T15:08:30,675.518,722.0,743.0
2025-09-19T15:08:31,676.646,722.0,743.0
2025-09-19T15:08:32,677.781,721.0,744.0
2025-09-19T15:08:34,678.911,722.0,743.0
2025-09-19T15:08:35,680.022,721.0,744.0
2025-09-19T15:08:36,681.154,720.0,744.0
2025-09-19T15:08:37,682.285,718.0,743.0
2025-09-19T15:08:38,683.419,718.0,744.0
2025-09-19T15:08:39,684.549,718.0,743.0
2025-09-19T15:08:40,685.680,719.0,743.0
2025-09-19T15:08:41,686.813,720.0,745.0
2025-09-19T15:08:43,687.939,719.0,745.0
2025-09-19T15:08:44,689.067,718.0,746.0
2025-09-19T15:08:45,690.196,716.0,745.0
2025-09-19T15:08:46,691.321,715.0,744.0
2025-09-19T15:08:47,692.454,717.0,745.0
2025-09-19T15:08:48,693.585,719.0,745.0
2025-09-19T15:08:49,694.716,721.0,745.0
2025-09-19T15:08:50,695.835,721.0,743.0
2025-09-19T15:08:52,696.962,721.0,744.0
2025-09-19T15:08:53,698.096,721.0,746.0
2025-09-19T15:08:54,699.235,721.0,746.0
2025-09-19T15:08:55,700.367,723.0,746.0
2025-09-19T15:08:56,701.501,723.0,746.0
2025-09-19T15:08:57,702.609,723.0,745.0
2025-09-19T15:08:58,703.742,722.0,744.0
2025-09-19T15:09:00,704.880,721.0,745.0
2025-09-19T15:09:01,706.015,723.0,745.0
2025-09-19T15:09:02,707.150,726.0,745.0
2025-09-19T15:09:03,708.288,725.0,743.0
2025-09-19T15:09:04,709.422,722.0,743.0
2025-09-19T15:09:05,710.552,719.0,743.0
2025-09-19T15:09:06,711.662,714.0,743.0
2025-09-19T15:09:07,712.799,709.0,743.0
2025-09-19T15:09:09,713.930,712.0,743.0
2025-09-19T15:09:10,715.058,713.0,743.0
2025-09-19T15:09:11,716.189,716.0,743.0
2025-09-19T15:09:12,717.315,719.0,742.0
2025-09-19T15:09:13,718.438,718.0,743.0
2025-09-19T15:09:14,719.567,718.0,743.0
2025-09-19T15:09:15,720.702,719.0,742.0
2025-09-19T15:09:16,721.833,718.0,741.0
2025-09-19T15:09:18,722.956,717.0,741.0
2025-09-19T15:09:19,724.083,717.0,741.0
2025-09-19T15:09:20,725.206,716.0,741.0
2025-09-19T15:09:21,726.336,716.0,741.0
2025-09-19T15:09:22,727.466,717.0,741.0
2025-09-19T15:09:23,728.598,718.0,741.0
2025-09-19T15:09:24,729.732,718.0,741.0
2025-09-19T15:09:26,730.858,718.0,742.0
2025-09-19T15:09:27,731.981,717.0,742.0
2025-09-19T15:09:28,733.112,716.0,741.0
2025-09-19T15:09:29,734.244,718.0,742.0
2025-09-19T15:09:30,735.376,720.0,742.0
2025-09-19T15:09:31,736.495,718.0,742.0
2025-09-19T15:09:32,737.600,715.0,742.0
2025-09-19T15:09:33,738.735,715.0,742.0
2025-09-19T15:09:35,739.867,712.0,741.0
2025-09-19T15:09:36,740.993,712.0,741.0
2025-09-19T15:09:37,742.135,714.0,741.0
2025-09-19T15:09:38,743.268,716.0,741.0
2025-09-19T15:09:39,744.400,717.0,741.0
2025-09-19T15:09:40,745.535,717.0,741.0
2025-09-19T15:09:41,746.662,715.0,741.0
2025-09-19T15:09:42,747.790,715.0,740.0
2025-09-19T15:09:44,748.922,714.0,740.0
2025-09-19T15:09:45,750.052,714.0,740.0
2025-09-19T15:09:46,751.180,713.0,740.0
2025-09-19T15:09:47,752.308,714.0,741.0
2025-09-19T15:09:48,753.435,715.0,742.0
2025-09-19T15:09:49,754.566,713.0,741.0
2025-09-19T15:09:50,755.688,709.0,741.0
2025-09-19T15:09:51,756.819,706.0,742.0
2025-09-19T15:09:53,757.955,706.0,743.0
2025-09-19T15:09:54,759.072,703.0,743.0
2025-09-19T15:09:55,760.196,704.0,741.0
2025-09-19T15:09:56,761.310,709.0,741.0
2025-09-19T15:09:57,762.421,709.0,741.0
2025-09-19T15:09:58,763.554,707.0,742.0
2025-09-19T15:09:59,764.672,708.0,743.0
2025-09-19T15:10:00,765.807,709.0,745.0
2025-09-19T23:18:45,0.003,,
2025-09-19T23:18:46,1.064,,
2025-09-19T23:18:47,2.119,,
2025-09-19T23:18:48,3.196,,
2025-09-19T23:18:49,4.273,,
2025-09-19T23:18:50,5.341,,
2025-09-19T23:18:52,6.416,,
2025-09-19T23:18:53,7.493,,
2025-09-19T23:18:54,8.556,,
2025-09-19T23:18:55,9.633,,
2025-09-19T23:19:30,3.436,,
2025-09-19T23:19:33,6.520,,
2025-09-19T23:19:36,9.592,,
2025-09-19T23:19:39,12.676,,
2025-09-19T23:19:42,15.757,,
2025-09-19T23:19:45,18.835,,
2025-09-19T23:19:48,21.915,,
2025-09-19T23:19:51,25.001,,
2025-09-19T23:19:54,28.063,,
2025-09-19T23:19:57,31.146,,
2025-09-19T23:20:01,34.208,,
2025-09-19T23:20:04,37.280,,
2025-09-19T23:20:07,40.354,,
2025-09-19T23:20:10,43.430,,
2025-09-19T23:20:13,46.502,,
2025-09-19T23:20:16,49.575,,
2025-09-19T23:20:19,52.657,,
2025-09-19T23:20:22,55.735,,
2025-09-19T23:20:25,58.819,,
2025-09-19T23:20:28,61.902,,
2025-09-19T23:20:31,64.983,,
2025-09-19T23:20:34,68.041,,
2025-09-19T23:20:37,71.122,,
2025-09-19T23:20:41,74.205,,
2025-09-19T23:20:44,77.290,,
2025-09-19T23:20:47,80.374,,
2025-09-19T23:20:50,83.456,,
2025-09-19T23:20:53,86.526,,
2025-09-19T23:20:56,89.610,,
2025-09-19T23:20:59,92.691,,
2025-09-19T23:21:02,95.774,,
2025-09-19T23:21:05,98.858,,
2025-09-19T23:21:08,101.929,,
2025-09-19T23:21:11,105.005,,
2025-09-19T23:21:14,108.063,,
2025-09-19T23:21:17,111.147,,
2025-09-19T23:21:20,113.250,,1633.0
2025-09-19T23:21:22,115.360,,1629.0
2025-09-19T23:21:24,117.477,,1623.0
2025-09-19T23:21:26,119.566,,1622.0
2025-09-19T23:21:28,121.672,,1621.0
2025-09-19T23:21:30,123.758,,1620.0
2025-09-19T23:21:32,125.864,,1616.0
2025-09-19T23:21:34,127.972,,1619.0
2025-09-19T23:21:36,130.072,,1621.0
2025-09-19T23:21:38,132.153,,1621.0
2025-09-19T23:21:41,134.257,,1623.0
2025-09-19T23:21:43,136.376,,1626.0
2025-09-19T23:22:43,2.442,,1618.0
2025-09-19T23:22:45,4.523,,1618.0
2025-09-19T23:22:47,6.623,,1615.0
2025-09-19T23:22:49,8.725,,1613.0
2025-09-19T23:22:51,10.820,,1614.0
2025-09-19T23:22:53,12.926,,1615.0
2025-09-19T23:22:55,15.034,,1615.0
2025-09-19T23:22:58,17.142,,1613.0
2025-09-19T23:23:00,19.231,,1618.0
2025-09-19T23:23:02,21.339,,1623.0
2025-09-19T23:23:04,23.442,,1627.0
2025-09-19T23:23:06,25.541,,1637.0
2025-09-19T23:23:08,27.109,,
2025-09-19T23:23:09,28.188,,
2025-09-19T23:23:10,29.265,,
2025-09-19T23:23:11,30.344,,
2025-09-19T23:23:12,31.416,,
2025-09-19T23:23:13,32.486,,
2025-09-19T23:23:14,33.544,,
2025-09-19T23:23:15,34.616,,
2025-09-19T23:23:16,35.693,,
2025-09-19T23:23:17,36.768,,
2025-09-19T23:23:18,37.845,,
2025-09-19T23:23:19,38.925,,
2025-09-19T23:23:20,40.007,,
2025-09-19T23:23:22,41.078,,
2025-09-19T23:23:23,42.154,,
2025-09-19T23:23:24,43.237,,
2025-09-19T23:23:25,44.314,,
2025-09-19T23:23:26,45.395,,
2025-09-19T23:26:11,2.427,2786.0,
2025-09-19T23:26:13,4.518,2731.0,
2025-09-19T23:26:15,6.622,2673.0,
2025-09-19T23:26:17,8.722,2582.0,
2025-09-19T23:26:19,10.826,2517.0,
2025-09-19T23:26:21,12.924,2446.0,
2025-09-19T23:26:24,15.003,2374.0,
2025-09-19T23:26:26,17.107,2300.0,
2025-09-19T23:26:28,19.209,2225.0,
2025-09-19T23:26:30,21.296,2146.0,
2025-09-19T23:26:32,23.400,2065.0,
2025-09-19T23:26:34,25.505,1989.0,
2025-09-19T23:26:36,27.611,1920.0,
2025-09-19T23:26:38,29.714,1859.0,
2025-09-19T23:26:40,31.821,1771.0,
2025-09-19T23:26:42,33.923,1725.0,
2025-09-19T23:26:45,36.035,1692.0,
2025-09-19T23:26:47,38.133,1665.0,
2025-09-19T23:26:49,40.233,1647.0,
2025-09-19T23:26:51,42.337,1627.0,
2025-09-19T23:26:53,44.445,1608.0,
2025-09-19T23:26:55,46.539,1596.0,
2025-09-19T23:26:57,48.633,1583.0,
2025-09-19T23:26:59,50.737,1574.0,
2025-09-19T23:27:01,52.828,1566.0,
2025-09-19T23:27:03,54.932,1553.0,
2025-09-19T23:27:06,57.037,1547.0,
2025-09-19T23:27:08,59.145,1543.0,
2025-09-19T23:27:10,61.252,1534.0,
2025-09-19T23:27:12,63.347,1532.0,
2025-09-19T23:27:14,65.446,1534.0,
2025-09-19T23:27:15,66.569,1535.0,2742.0
2025-09-19T23:27:17,68.671,1536.0,
2025-09-19T23:27:18,69.800,1538.0,2746.0
2025-09-19T23:27:19,70.941,1549.0,2747.0
2025-09-19T23:27:21,72.065,1548.0,2749.0
2025-09-19T23:27:22,73.190,1547.0,2750.0
2025-09-19T23:27:23,74.317,1547.0,2751.0
2025-09-19T23:27:24,75.450,1547.0,2747.0
2025-09-19T23:27:25,76.574,1545.0,2749.0
2025-09-19T23:27:26,77.700,1542.0,2749.0
2025-09-19T23:27:27,78.812,1542.0,2750.0
2025-09-19T23:27:28,79.945,1540.0,2751.0
2025-09-19T23:27:30,81.073,1539.0,2750.0
2025-09-19T23:27:31,82.198,1539.0,2747.0
2025-09-19T23:27:32,83.317,1539.0,2747.0
2025-09-19T23:27:33,84.450,1538.0,2743.0
2025-09-19T23:27:34,85.572,1537.0,2740.0
2025-09-19T23:27:35,86.690,1537.0,2739.0
2025-09-19T23:27:36,87.811,1537.0,2738.0
2025-09-19T23:27:37,88.936,1534.0,2736.0
2025-09-19T23:27:39,90.056,1531.0,2735.0
2025-09-19T23:27:40,91.184,1530.0,2733.0
2025-09-19T23:27:41,92.310,1528.0,2731.0
2025-09-19T23:27:42,93.437,1526.0,2731.0
2025-09-19T23:27:43,94.561,1526.0,2732.0
2025-09-19T23:27:44,95.685,1526.0,2733.0
2025-09-19T23:27:45,96.813,1527.0,2735.0
2025-09-19T23:27:46,97.942,1529.0,2736.0
2025-09-19T23:27:48,99.051,1530.0,2735.0
2025-09-19T23:27:49,100.178,1528.0,2735.0
2025-09-19T23:27:50,101.289,1526.0,2738.0
2025-09-19T23:27:51,102.406,1528.0,2740.0
2025-09-19T23:27:52,103.524,1530.0,2747.0
2025-09-19T23:27:53,104.653,1530.0,2757.0
2025-09-19T23:27:54,105.778,1530.0,2767.0
2025-09-19T23:27:55,106.904,1535.0,2770.0
2025-09-19T23:27:57,108.023,1539.0,2772.0
2025-09-19T23:27:58,109.123,1538.0,2770.0
2025-09-19T23:27:59,110.251,1535.0,2767.0
2025-09-19T23:28:00,111.381,1533.0,2772.0
2025-09-19T23:28:01,112.499,1532.0,2777.0
2025-09-19T23:28:02,113.623,1532.0,2781.0
2025-09-19T23:28:03,114.748,1533.0,2792.0
2025-09-19T23:28:04,115.870,1533.0,2802.0
2025-09-19T23:28:06,116.997,1534.0,2802.0
2025-09-19T23:28:07,118.126,1531.0,2802.0
2025-09-19T23:28:08,119.237,1528.0,2799.0
2025-09-19T23:28:09,120.347,1527.0,2797.0
2025-09-19T23:28:10,121.457,2139.9333333333334,2185.0666666666666
2025-09-19T23:28:11,122.573,2139.9333333333334,2188.0666666666666
2025-09-19T23:28:12,123.692,2139.9333333333334,2192.0666666666666
2025-09-19T23:28:13,124.823,2141.9333333333334,2189.0666666666666
2025-09-19T23:28:15,125.949,2142.9333333333334,2186.0666666666666
2025-09-19T23:28:16,127.071,2139.9333333333334,2188.0666666666666
2025-09-19T23:28:17,128.192,2138.9333333333334,2188.0666666666666
2025-09-19T23:28:18,129.315,2137.9333333333334,2189.0666666666666
2025-09-19T23:28:19,130.442,2137.9333333333334,2185.0666666666666
2025-09-19T23:28:20,131.566,2140.9333333333334,2179.0666666666666
2025-09-19T23:28:21,132.692,2136.9333333333334,2178.0666666666666
2025-09-19T23:28:22,133.821,2133.9333333333334,2176.0666666666666
2025-09-19T23:28:24,134.952,2131.9333333333334,2172.0666666666666
2025-09-19T23:28:25,136.082,2096.9333333333334,2189.0666666666666
2025-09-19T23:28:26,137.223,2137.9333333333334,2214.0666666666666
2025-09-19T23:28:27,138.350,2173.9333333333334,2266.0666666666666
2025-09-19T23:28:28,139.478,2228.9333333333334,2319.0666666666666
2025-09-19T23:28:29,140.597,2285.9333333333334,2379.0666666666666
2025-09-19T23:28:30,141.720,2340.9333333333334,2520.0666666666666
2025-09-19T23:28:31,142.845,2401.9333333333334,2601.0666666666666
2025-09-19T23:28:33,143.975,2459.9333333333334,2676.0666666666666
2025-09-19T23:28:34,145.101,2561.9333333333334,2741.0666666666666
2025-09-19T23:28:35,146.229,2596.9333333333334,2805.0666666666666
2025-09-19T23:28:36,147.356,2642.9333333333334,2869.0666666666666
2025-09-19T23:28:37,148.485,2692.9333333333334,2930.0666666666666
2025-09-19T23:28:38,149.610,2723.9333333333334,2984.0666666666666
2025-09-19T23:28:39,150.742,2759.9333333333334,3080.0666666666666
2025-09-19T23:28:40,151.871,2795.9333333333334,3122.0666666666666
2025-09-19T23:28:42,153.000,2825.9333333333334,3160.0666666666666
2025-09-19T23:28:43,154.108,2856.9333333333334,3191.0666666666666
2025-09-19T23:28:44,155.233,2914.9333333333334,3220.0666666666666
2025-09-19T23:28:45,156.360,2939.9333333333334,3242.0666666666666
2025-09-19T23:28:46,157.485,2963.9333333333334,3260.0666666666666
2025-09-19T23:28:47,158.616,2986.9333333333334,3278.0666666666666
2025-09-19T23:28:48,159.735,3006.9333333333334,3295.0666666666666
2025-09-19T23:28:49,160.866,3025.9333333333334,3317.0666666666666
2025-09-19T23:28:51,161.973,3040.9333333333334,3324.0666666666666
2025-09-19T23:28:52,163.100,3051.9333333333334,3330.0666666666666
2025-09-19T23:28:53,164.208,3072.9333333333334,3335.0666666666666
2025-09-19T23:28:54,165.340,3077.9333333333334,3344.0666666666666
2025-09-19T23:28:55,166.472,3079.9333333333334,3348.0666666666666
2025-09-19T23:28:56,167.598,3080.9333333333334,3348.0666666666666
2025-09-19T23:28:57,168.731,3078.9333333333334,3344.0666666666666
2025-09-19T23:28:58,169.857,3099.9333333333334,3337.0666666666666
2025-09-19T23:29:00,170.986,3111.9333333333334,3341.0666666666666
2025-09-19T23:29:01,172.106,3190.9333333333334,3335.0666666666666
2025-09-19T23:29:02,173.237,3439.9333333333334,3328.0666666666666
2025-09-19T23:29:03,174.366,3633.9333333333334,3313.0666666666666
2025-09-19T23:29:04,175.497,3876.9333333333334,3300.0666666666666
2025-09-19T23:29:05,176.625,4090.9333333333334,3293.0666666666666
2025-09-19T23:29:06,177.754,4296.933333333333,3282.0666666666666
2025-09-19T23:29:07,178.885,1937.9333333333332,3251.0666666666666
2025-09-19T23:29:09,180.012,962.9333333333332,3235.0666666666666
2025-09-19T23:29:10,181.136,1237.9333333333332,3217.0666666666666
2025-09-19T23:29:11,182.265,1676.9333333333332,3200.0666666666666
2025-09-19T23:29:12,183.391,1990.9333333333332,3186.0666666666666
2025-09-19T23:29:13,184.523,2233.9333333333334,3171.0666666666666
2025-09-19T23:29:14,185.654,2471.9333333333334,3155.0666666666666
2025-09-19T23:29:15,186.771,2694.9333333333334,3138.0666666666666
2025-09-19T23:29:16,187.903,2913.9333333333334,3120.0666666666666
2025-09-19T23:29:18,189.039,3105.9333333333334,3077.0666666666666
2025-09-19T23:29:19,190.170,3282.9333333333334,3055.0666666666666
2025-09-19T23:29:20,191.304,3554.9333333333334,3037.0666666666666
2025-09-19T23:29:21,192.430,3691.9333333333334,3019.0666666666666
2025-09-19T23:29:22,193.554,3808.9333333333334,3003.0666666666666
2025-09-19T23:29:23,194.684,3916.9333333333334,2986.0666666666666
2025-09-19T23:29:24,195.817,4013.9333333333334,2972.0666666666666
2025-09-19T23:29:25,196.941,4087.9333333333334,2956.0666666666666
2025-09-19T23:29:27,198.065,4138.933333333333,2918.0666666666666
2025-09-19T23:29:28,199.170,4191.933333333333,2900.0666666666666
2025-09-19T23:29:29,200.300,4257.933333333333,2880.0666666666666
2025-09-19T23:29:30,201.432,4273.933333333333,2864.0666666666666
2025-09-19T23:29:31,202.559,4285.933333333333,2846.0666666666666
2025-09-19T23:29:32,203.684,4285.933333333333,2830.0666666666666
2025-09-19T23:29:33,204.814,4280.933333333333,2815.0666666666666
2025-09-19T23:29:34,205.942,4273.933333333333,2804.0666666666666
2025-09-19T23:29:36,207.064,4254.933333333333,2776.0666666666666
2025-09-19T23:29:37,208.190,4223.933333333333,2761.0666666666666
2025-09-19T23:29:38,209.302,4175.933333333333,2745.0666666666666
2025-09-19T23:29:39,210.430,4148.933333333333,2725.0666666666666
2025-09-19T23:29:40,211.551,4113.933333333333,2706.0666666666666
2025-09-19T23:29:41,212.672,4081.9333333333334,2686.0666666666666
2025-09-19T23:29:42,213.794,4047.9333333333334,2666.0666666666666
2025-09-19T23:29:43,214.917,4004.9333333333334,2652.0666666666666
2025-09-19T23:29:45,216.043,3972.9333333333334,2641.0666666666666
2025-09-19T23:29:46,217.170,3938.9333333333334,2614.0666666666666
2025-09-19T23:29:47,218.279,3881.9333333333334,2602.0666666666666
2025-09-19T23:29:48,219.404,3806.9333333333334,2591.0666666666666
2025-09-19T23:29:49,220.523,3764.9333333333334,2578.0666666666666
2025-09-19T23:29:50,221.647,3724.9333333333334,2568.0666666666666
2025-09-19T23:29:51,222.762,3688.9333333333334,2562.0666666666666
2025-09-19T23:29:52,223.894,3637.9333333333334,2559.0666666666666
2025-09-19T23:29:54,225.016,3596.9333333333334,2550.0666666666666
2025-09-19T23:29:55,226.139,3555.9333333333334,2530.0666666666666
2025-09-19T23:29:56,227.248,3524.9333333333334,2519.0666666666666
2025-09-19T23:29:57,228.363,3460.9333333333334,2509.0666666666666
2025-09-19T23:29:58,229.490,3428.9333333333334,2498.0666666666666
2025-09-19T23:29:59,230.596,3397.9333333333334,2491.0666666666666
2025-09-19T23:30:00,231.712,3360.9333333333334,2484.0666666666666
2025-09-19T23:30:01,232.819,3331.9333333333334,2477.0666666666666
2025-09-19T23:30:02,233.925,3306.9333333333334,2468.0666666666666
2025-09-19T23:30:04,235.042,3278.9333333333334,2464.0666666666666
2025-09-19T23:30:05,236.169,3254.9333333333334,2455.0666666666666
2025-09-19T23:30:06,237.285,3229.9333333333334,2453.0666666666666
2025-09-19T23:30:07,238.387,3181.9333333333334,2452.0666666666666
2025-09-19T23:30:08,239.502,3153.9333333333334,2450.0666666666666
2025-09-19T23:30:09,240.627,3122.9333333333334,2443.0666666666666
2025-09-19T23:30:10,241.741,3100.9333333333334,2436.0666666666666
2025-09-19T23:30:11,242.861,3079.9333333333334,2432.0666666666666
2025-09-19T23:30:13,243.985,3049.9333333333334,2430.0666666666666
2025-09-19T23:30:14,245.088,3022.9333333333334,2429.0666666666666
2025-09-19T23:30:15,246.193,3000.9333333333334,2427.0666666666666
2025-09-19T23:30:16,247.298,2982.9333333333334,2423.0666666666666
2025-09-19T23:30:17,248.417,2932.9333333333334,2420.0666666666666
2025-09-19T23:30:18,249.524,2910.9333333333334,2415.0666666666666
2025-09-19T23:30:19,250.633,2887.9333333333334,2411.0666666666666
2025-09-19T23:30:20,251.737,2864.9333333333334,2406.0666666666666
2025-09-19T23:30:21,252.844,2848.9333333333334,2403.0666666666666
2025-09-19T23:30:23,253.969,2830.9333333333334,2402.0666666666666
2025-09-19T23:30:24,255.082,2812.9333333333334,2396.0666666666666
2025-09-19T23:30:25,256.196,2793.9333333333334,2394.0666666666666
2025-09-19T23:30:26,257.325,2775.9333333333334,2387.0666666666666
2025-09-19T23:30:27,258.442,2741.9333333333334,2387.0666666666666
2025-09-19T23:30:28,259.556,2722.9333333333334,2387.0666666666666
2025-09-19T23:30:29,260.682,2705.9333333333334,2381.0666666666666
2025-09-19T23:30:30,261.806,2687.9333333333334,2375.0666666666666
2025-09-19T23:30:31,262.928,2672.9333333333334,2374.0666666666666
2025-09-19T23:30:33,264.056,2653.9333333333334,2373.0666666666666
2025-09-19T23:30:34,265.183,2636.9333333333334,2370.0666666666666
2025-09-19T23:30:35,266.312,2618.9333333333334,2360.0666666666666
2025-09-19T23:30:36,267.434,2603.9333333333334,2354.0666666666666
2025-09-19T23:30:37,268.557,2577.9333333333334,2354.0666666666666
2025-09-19T23:30:38,269.684,2562.9333333333334,2353.0666666666666
2025-09-19T23:30:39,270.814,2552.9333333333334,2346.0666666666666
2025-09-19T23:30:40,271.943,2538.9333333333334,2340.0666666666666
2025-09-19T23:30:42,273.075,2525.9333333333334,2332.0666666666666
2025-09-19T23:30:43,274.182,2511.9333333333334,2325.0666666666666
2025-09-19T23:30:44,275.310,2500.9333333333334,2315.0666666666666
2025-09-19T23:30:45,276.431,2486.9333333333334,2303.0666666666666
2025-09-19T23:30:46,277.553,2463.9333333333334,2298.0666666666666
2025-09-19T23:30:47,278.680,2453.9333333333334,2293.0666666666666
2025-09-19T23:30:48,279.807,2440.9333333333334,2289.0666666666666
2025-09-19T23:30:49,280.932,2429.9333333333334,2284.0666666666666
2025-09-19T23:30:51,282.057,2420.9333333333334,2280.0666666666666
2025-09-19T23:30:52,283.185,2412.9333333333334,2273.0666666666666
2025-09-19T23:30:53,284.291,2402.9333333333334,2268.0666666666666
2025-09-19T23:30:54,285.412,2392.9333333333334,2262.0666666666666
2025-09-19T23:30:55,286.534,2375.9333333333334,2259.0666666666666
2025-09-19T23:30:56,287.655,2369.9333333333334,2257.0666666666666
2025-09-19T23:30:57,288.782,2362.9333333333334,2254.0666666666666
2025-09-19T23:30:58,289.911,2354.9333333333334,2251.0666666666666
2025-09-19T23:31:00,291.039,2347.9333333333334,2248.0666666666666
2025-09-19T23:31:01,292.164,2340.9333333333334,2245.0666666666666
2025-09-19T23:31:02,293.291,2333.9333333333334,2241.0666666666666
2025-09-19T23:31:03,294.411,2329.9333333333334,2238.0666666666666
2025-09-19T23:31:04,295.535,2317.9333333333334,2240.0666666666666
2025-09-19T23:31:05,296.666,2312.9333333333334,2237.0666666666666
2025-09-19T23:31:06,297.799,2308.9333333333334,2234.0666666666666
2025-09-19T23:31:07,298.928,2305.9333333333334,2236.0666666666666
2025-09-19T23:31:09,300.055,2303.9333333333334,2237.0666666666666
2025-09-19T23:31:10,301.186,2301.9333333333334,2237.0666666666666
2025-09-19T23:31:11,302.308,2297.9333333333334,2238.0666666666666
2025-09-19T23:31:12,303.440,2292.9333333333334,2237.0666666666666
2025-09-19T23:31:13,304.563,2285.9333333333334,2237.0666666666666
2025-09-19T23:31:14,305.686,2281.9333333333334,2236.0666666666666
2025-09-19T23:31:15,306.812,2278.9333333333334,2234.0666666666666
2025-09-19T23:31:16,307.937,2272.9333333333334,2233.0666666666666
2025-09-19T23:31:18,309.065,2266.9333333333334,2234.0666666666666
2025-09-19T23:31:19,310.194,2263.9333333333334,2234.0666666666666
2025-09-19T23:31:20,311.302,2260.9333333333334,2236.0666666666666
2025-09-19T23:31:21,312.433,2254.9333333333334,2237.0666666666666
2025-09-19T23:31:22,313.560,2249.9333333333334,2237.0666666666666
2025-09-19T23:31:23,314.689,2244.9333333333334,2234.0666666666666
2025-09-19T23:31:24,315.817,2239.9333333333334,2233.0666666666666
2025-09-19T23:31:25,316.944,2233.9333333333334,2231.0666666666666
2025-09-19T23:31:27,318.069,2224.9333333333334,2230.0666666666666
2025-09-19T23:31:28,319.177,2217.9333333333334,2224.0666666666666
2025-09-19T23:31:29,320.299,2216.9333333333334,2220.0666666666666
2025-09-19T23:31:30,321.425,2216.9333333333334,2222.0666666666666
2025-09-19T23:31:31,322.547,2215.9333333333334,2222.0666666666666
2025-09-19T23:31:32,323.671,2214.9333333333334,2224.0666666666666
2025-09-19T23:31:33,324.802,2213.9333333333334,2224.0666666666666
2025-09-19T23:31:34,325.931,2209.9333333333334,2224.0666666666666
2025-09-19T23:31:36,327.062,2205.9333333333334,2222.0666666666666
2025-09-19T23:31:37,328.188,2200.9333333333334,2220.0666666666666
2025-09-19T23:31:38,329.292,2195.9333333333334,2213.0666666666666
2025-09-19T23:31:39,330.424,2190.9333333333334,2212.0666666666666
2025-09-19T23:31:40,331.543,2186.9333333333334,2208.0666666666666
2025-09-19T23:31:41,332.679,2182.9333333333334,2198.0666666666666
2025-09-19T23:31:42,333.805,2179.9333333333334,2198.0666666666666
2025-09-19T23:31:43,334.936,2178.9333333333334,2199.0666666666666
2025-09-19T23:31:45,336.067,2179.9333333333334,2202.0666666666666
2025-09-19T23:31:46,337.195,2181.9333333333334,2205.0666666666666
2025-09-19T23:31:47,338.318,2185.9333333333334,2209.0666666666666
2025-09-19T23:31:48,339.439,2182.9333333333334,2212.0666666666666
2025-09-19T23:31:49,340.565,2175.9333333333334,2213.0666666666666
2025-09-19T23:31:50,341.699,2179.9333333333334,2209.0666666666666
2025-09-19T23:31:51,342.819,2173.9333333333334,2205.0666666666666
2025-09-19T23:31:53,343.949,2170.9333333333334,2199.0666666666666
2025-09-19T23:31:54,345.079,2167.9333333333334,2195.0666666666666
2025-09-19T23:31:55,346.209,2166.9333333333334,2191.0666666666666
2025-09-19T23:31:56,347.339,2165.9333333333334,2188.0666666666666
2025-09-19T23:31:57,348.468,2160.9333333333334,2190.0666666666666
2025-09-19T23:31:58,349.596,2159.9333333333334,2191.0666666666666
2025-09-19T23:31:59,350.726,2155.9333333333334,2187.0666666666666
2025-09-19T23:32:00,351.855,2156.9333333333334,2189.0666666666666
2025-09-19T23:32:02,352.980,2156.9333333333334,2191.0666666666666
2025-09-19T23:32:03,354.110,2156.9333333333334,2189.0666666666666
2025-09-19T23:32:04,355.230,2159.9333333333334,2188.0666666666666
2025-09-19T23:32:05,356.360,2157.9333333333334,2187.0666666666666
2025-09-19T23:32:06,357.492,2156.9333333333334,2185.0666666666666
2025-09-19T23:32:07,358.623,2159.9333333333334,2184.0666666666666
2025-09-19T23:32:08,359.754,2155.9333333333334,2181.0666666666666
2025-09-19T23:32:09,360.883,2153.9333333333334,2179.0666666666666
2025-09-19T23:32:11,362.012,2153.9333333333334,2181.0666666666666
2025-09-19T23:32:12,363.135,2152.9333333333334,2183.0666666666666
2025-09-19T23:32:13,364.248,2152.9333333333334,2186.0666666666666
2025-09-19T23:32:14,365.374,2151.9333333333334,2189.0666666666666
2025-09-19T23:32:15,366.505,2152.9333333333334,2194.0666666666666
2025-09-19T23:32:16,367.627,2149.9333333333334,2195.0666666666666
2025-09-19T23:32:17,368.753,2147.9333333333334,2199.0666666666666
2025-09-19T23:32:18,369.881,2144.9333333333334,2199.0666666666666
2025-09-19T23:32:20,371.010,2143.9333333333334,2198.0666666666666
2025-09-19T23:32:21,372.133,2140.9333333333334,2196.0666666666666
2025-09-19T23:32:22,373.264,2139.9333333333334,2192.0666666666666
2025-09-19T23:32:23,374.373,2141.9333333333334,2192.0666666666666
2025-09-19T23:32:24,375.504,2142.9333333333334,2195.0666666666666
2025-09-19T23:32:25,376.636,2144.9333333333334,2195.0666666666666
2025-09-19T23:32:26,377.757,2144.9333333333334,2195.0666666666666
2025-09-19T23:32:27,378.889,2141.9333333333334,2189.0666666666666
2025-09-19T23:32:29,380.019,2145.9333333333334,2189.0666666666666
2025-09-19T23:32:30,381.151,2144.9333333333334,2189.0666666666666
2025-09-19T23:32:31,382.282,2133.9333333333334,2189.0666666666666
2025-09-19T23:32:32,383.411,2131.9333333333334,2191.0666666666666
2025-09-19T23:32:33,384.535,2135.9333333333334,2192.0666666666666
2025-09-19T23:32:34,385.677,2140.9333333333334,2194.0666666666666
2025-09-19T23:32:35,386.801,2141.9333333333334,2196.0666666666666
2025-09-19T23:32:36,387.934,2143.9333333333334,2199.0666666666666
2025-09-19T23:32:38,389.065,2141.9333333333334,2202.0666666666666
2025-09-19T23:32:39,390.190,2145.9333333333334,2202.0666666666666
2025-09-19T23:32:40,391.315,2148.9333333333334,2202.0666666666666
2025-09-19T23:32:41,392.441,2145.9333333333334,2206.0666666666666
2025-09-19T23:32:42,393.564,2147.9333333333334,2209.0666666666666
2025-09-19T23:32:43,394.688,2143.9333333333334,2203.0666666666666
2025-09-19T23:32:44,395.812,2137.9333333333334,2198.0666666666666
2025-09-19T23:32:45,396.945,2133.9333333333334,2194.0666666666666
2025-09-19T23:32:47,398.074,2131.9333333333334,2188.0666666666666
2025-09-19T23:32:48,399.204,2133.9333333333334,2184.0666666666666
2025-09-19T23:32:49,400.337,2129.9333333333334,2181.0666666666666
2025-09-19T23:32:50,401.468,2126.9333333333334,2181.0666666666666
2025-09-19T23:32:51,402.599,2127.9333333333334,2181.0666666666666
2025-09-19T23:32:52,403.727,2127.9333333333334,2180.0666666666666
2025-09-19T23:32:53,404.862,2128.9333333333334,2181.0666666666666
2025-09-19T23:32:55,405.993,2127.9333333333334,2181.0666666666666
2025-09-19T23:32:56,407.123,2126.9333333333334,2177.0666666666666
2025-09-19T23:32:57,408.255,2124.9333333333334,2174.0666666666666
2025-09-19T23:32:58,409.368,2122.9333333333334,2174.0666666666666
2025-09-19T23:32:59,410.479,2121.9333333333334,2173.0666666666666
2025-09-19T23:33:00,411.606,2121.9333333333334,2170.0666666666666
2025-09-19T23:33:01,412.731,2120.9333333333334,2164.0666666666666
2025-09-19T23:33:02,413.848,2120.9333333333334,2162.0666666666666
2025-09-19T23:33:04,414.976,2120.9333333333334,2162.0666666666666
2025-09-19T23:33:05,416.103,2120.9333333333334,2162.0666666666666
2025-09-19T23:33:06,417.216,2122.9333333333334,2166.0666666666666
2025-09-19T23:33:07,418.340,2124.9333333333334,2167.0666666666666
2025-09-19T23:33:08,419.454,2126.9333333333334,2169.0666666666666
2025-09-19T23:33:09,420.581,2126.9333333333334,2169.0666666666666
2025-09-19T23:33:10,421.706,2127.9333333333334,2170.0666666666666
2025-09-19T23:33:11,422.827,2131.9333333333334,2174.0666666666666
2025-09-19T23:33:13,423.954,2132.9333333333334,2180.0666666666666
2025-09-19T23:33:14,425.071,2132.9333333333334,2182.0666666666666
2025-09-19T23:33:15,426.200,2133.9333333333334,2182.0666666666666
2025-09-19T23:33:16,427.325,2132.9333333333334,2182.0666666666666
2025-09-19T23:33:17,428.443,2128.9333333333334,2182.0666666666666
2025-09-19T23:33:18,429.569,2128.9333333333334,2182.0666666666666
2025-09-19T23:33:19,430.697,2128.9333333333334,2181.0666666666666
2025-09-19T23:33:20,431.823,2128.9333333333334,2178.0666666666666
2025-09-19T23:33:22,432.951,2121.9333333333334,2174.0666666666666
2025-09-19T23:33:23,434.076,2119.9333333333334,2171.0666666666666
2025-09-19T23:33:24,435.205,2117.9333333333334,2170.0666666666666
2025-09-19T23:33:25,436.330,2116.9333333333334,2167.0666666666666
2025-09-19T23:33:26,437.452,2114.9333333333334,2164.0666666666666
2025-09-19T23:33:27,438.577,2111.9333333333334,2160.0666666666666
2025-09-19T23:33:28,439.695,2109.9333333333334,2156.0666666666666
2025-09-19T23:33:29,440.822,2108.9333333333334,2155.0666666666666
2025-09-19T23:33:30,441.946,2110.9333333333334,2157.0666666666666
2025-09-19T23:33:32,443.062,2109.9333333333334,2156.0666666666666
2025-09-19T23:33:33,444.189,2107.9333333333334,2152.0666666666666
2025-09-19T23:33:34,445.316,2107.9333333333334,2153.0666666666666
2025-09-19T23:33:35,446.455,2107.9333333333334,2156.0666666666666
2025-09-19T23:33:36,447.561,2107.9333333333334,2159.0666666666666
2025-09-19T23:33:37,448.688,2108.9333333333334,2163.0666666666666
2025-09-19T23:33:38,449.813,2109.9333333333334,2166.0666666666666
2025-09-19T23:33:39,450.938,2108.9333333333334,2170.0666666666666
2025-09-19T23:33:41,452.055,2109.9333333333334,2173.0666666666666
2025-09-19T23:33:42,453.180,2108.9333333333334,2171.0666666666666
2025-09-19T23:33:43,454.293,2107.9333333333334,2167.0666666666666
2025-09-19T23:33:44,455.422,2106.9333333333334,2167.0666666666666
2025-09-19T23:33:45,456.541,2107.9333333333334,2164.0666666666666
2025-09-19T23:33:46,457.663,2105.9333333333334,2161.0666666666666
2025-09-19T23:33:47,458.789,2104.9333333333334,2156.0666666666666
2025-09-19T23:33:48,459.912,2104.9333333333334,2152.0666666666666
2025-09-19T23:33:50,461.043,2107.9333333333334,2156.0666666666666
2025-09-19T23:33:51,462.171,2111.9333333333334,2160.0666666666666
2025-09-19T23:33:52,463.294,2116.9333333333334,2163.0666666666666
2025-09-19T23:33:53,464.398,2120.9333333333334,2163.0666666666666
2025-09-19T23:33:54,465.516,2122.9333333333334,2163.0666666666666
2025-09-19T23:33:55,466.644,2124.9333333333334,2170.0666666666666
2025-09-19T23:33:56,467.769,2126.9333333333334,2177.0666666666666
2025-09-19T23:33:57,468.893,2127.9333333333334,2177.0666666666666
2025-09-19T23:33:59,470.020,2127.9333333333334,2177.0666666666666
2025-09-19T23:34:00,471.147,2126.9333333333334,2178.0666666666666
2025-09-19T23:34:01,472.275,2126.9333333333334,2178.0666666666666
2025-09-19T23:34:02,473.398,2124.9333333333334,2181.0666666666666
2025-09-19T23:34:03,474.515,2123.9333333333334,2179.0666666666666
2025-09-19T23:34:04,475.643,2122.9333333333334,2179.0666666666666
2025-09-19T23:34:05,476.764,2121.9333333333334,2177.0666666666666
2025-09-19T23:34:06,477.883,2120.9333333333334,2174.0666666666666
2025-09-19T23:34:08,479.012,2119.9333333333334,2171.0666666666666
2025-09-19T23:34:09,480.143,2119.9333333333334,2167.0666666666666
2025-09-19T23:34:10,481.270,2119.9333333333334,2170.0666666666666
2025-09-19T23:34:11,482.393,2119.9333333333334,2174.0666666666666
2025-09-19T23:34:12,483.509,2119.9333333333334,2177.0666666666666
2025-09-19T23:34:13,484.639,2120.9333333333334,2181.0666666666666
2025-09-19T23:34:14,485.769,2121.9333333333334,2185.0666666666666
2025-09-19T23:34:15,486.898,2122.9333333333334,2188.0666666666666
2025-09-19T23:34:17,488.020,2121.9333333333334,2189.0666666666666
2025-09-19T23:34:18,489.146,2119.9333333333334,2195.0666666666666
2025-09-19T23:34:19,490.275,2117.9333333333334,2199.0666666666666
2025-09-19T23:34:20,491.396,2116.9333333333334,2200.0666666666666
2025-09-19T23:34:21,492.513,2115.9333333333334,2199.0666666666666
2025-09-19T23:34:22,493.638,2115.9333333333334,2197.0666666666666
2025-09-19T23:34:23,494.765,2115.9333333333334,2197.0666666666666
2025-09-19T23:34:24,495.887,2113.9333333333334,2196.0666666666666
2025-09-19T23:34:26,497.012,2111.9333333333334,2192.0666666666666
2025-09-19T23:34:27,498.137,2107.9333333333334,2186.0666666666666
2025-09-19T23:34:28,499.245,2107.9333333333334,2189.0666666666666
2025-09-19T23:34:29,500.374,2107.9333333333334,2192.0666666666666
2025-09-19T23:34:30,501.505,2106.9333333333334,2183.0666666666666
2025-09-19T23:34:31,502.628,2106.9333333333334,2182.0666666666666
2025-09-19T23:34:32,503.756,2107.9333333333334,2179.0666666666666
2025-09-19T23:34:33,504.885,2109.9333333333334,2178.0666666666666
2025-09-19T23:34:35,506.016,2106.9333333333334,2175.0666666666666
2025-09-19T23:34:36,507.142,2102.9333333333334,2174.0666666666666
2025-09-19T23:34:37,508.270,2093.9333333333334,2171.0666666666666
2025-09-19T23:34:38,509.369,2095.9333333333334,2174.0666666666666
2025-09-19T23:34:39,510.499,2096.9333333333334,2176.0666666666666
2025-09-19T23:34:40,511.621,2096.9333333333334,2172.0666666666666
2025-09-19T23:34:41,512.749,2096.9333333333334,2178.0666666666666
2025-09-19T23:34:42,513.880,2098.9333333333334,2181.0666666666666
2025-09-19T23:34:44,515.008,2100.9333333333334,2182.0666666666666
2025-09-19T23:34:45,516.137,2102.9333333333334,2183.0666666666666
2025-09-19T23:34:46,517.265,2103.9333333333334,2182.0666666666666
2025-09-19T23:34:47,518.384,2103.9333333333334,2181.0666666666666
2025-09-19T23:34:48,519.496,2104.9333333333334,2183.0666666666666
2025-09-19T23:34:49,520.624,2105.9333333333334,2183.0666666666666
2025-09-19T23:34:50,521.756,2103.9333333333334,2182.0666666666666
2025-09-19T23:34:51,522.885,2102.9333333333334,2175.0666666666666
2025-09-19T23:34:53,524.013,2098.9333333333334,2170.0666666666666
2025-09-19T23:34:54,525.139,2094.9333333333334,2170.0666666666666
2025-09-19T23:34:55,526.259,2095.9333333333334,2168.0666666666666
2025-09-19T23:34:56,527.389,2094.9333333333334,2167.0666666666666
2025-09-19T23:34:57,528.518,2093.9333333333334,2165.0666666666666
2025-09-19T23:34:58,529.646,2090.9333333333334,2161.0666666666666
2025-09-19T23:34:59,530.772,2090.9333333333334,2157.0666666666666
2025-09-19T23:35:00,531.894,2089.9333333333334,2154.0666666666666
2025-09-19T23:35:02,533.011,2087.9333333333334,2150.0666666666666
2025-09-19T23:35:03,534.140,2087.9333333333334,2151.0666666666666
2025-09-19T23:35:04,535.268,2084.9333333333334,2154.0666666666666
2025-09-19T23:35:05,536.395,2084.9333333333334,2154.0666666666666
2025-09-19T23:35:06,537.505,2085.9333333333334,2153.0666666666666
2025-09-19T23:35:07,538.632,2083.9333333333334,2151.0666666666666
2025-09-19T23:35:08,539.760,2081.9333333333334,2146.0666666666666
2025-09-19T23:35:09,540.886,2080.9333333333334,2143.0666666666666
2025-09-19T23:35:11,542.012,2080.9333333333334,2142.0666666666666
2025-09-19T23:35:12,543.139,2081.9333333333334,2142.0666666666666
2025-09-19T23:35:13,544.267,2078.9333333333334,2139.0666666666666
2025-09-19T23:35:14,545.394,2079.9333333333334,2137.0666666666666
2025-09-19T23:35:15,546.520,2078.9333333333334,2137.0666666666666
2025-09-19T23:35:16,547.642,2076.9333333333334,2137.0666666666666
2025-09-19T23:35:17,548.772,2078.9333333333334,2137.0666666666666
2025-09-19T23:35:18,549.900,2081.9333333333334,2141.0666666666666
2025-09-19T23:35:20,551.025,2082.9333333333334,2148.0666666666666
2025-09-19T23:35:21,552.152,2085.9333333333334,2154.0666666666666
2025-09-19T23:35:22,553.282,2100.9333333333334,2158.0666666666666
2025-09-19T23:35:23,554.387,2099.9333333333334,2158.0666666666666
2025-09-19T23:35:24,555.515,2098.9333333333334,2158.0666666666666
2025-09-19T23:35:25,556.642,2096.9333333333334,2159.0666666666666
2025-09-19T23:35:26,557.765,2096.9333333333334,2159.0666666666666
2025-09-19T23:35:27,558.884,2094.9333333333334,2159.0666666666666
2025-09-19T23:35:29,560.012,2092.9333333333334,2158.0666666666666
2025-09-19T23:35:30,561.141,2089.9333333333334,2157.0666666666666
2025-09-19T23:35:31,562.270,2087.9333333333334,2158.0666666666666
2025-09-19T23:35:32,563.402,2087.9333333333334,2161.0666666666666
2025-09-19T23:35:33,564.509,2088.9333333333334,2159.0666666666666
2025-09-19T23:35:34,565.632,2087.9333333333334,2158.0666666666666
2025-09-19T23:35:35,566.760,2086.9333333333334,2157.0666666666666
2025-09-19T23:35:36,567.887,2084.9333333333334,2151.0666666666666
2025-09-19T23:35:38,569.008,2077.9333333333334,2150.0666666666666
2025-09-19T23:35:39,570.136,2070.9333333333334,2150.0666666666666
2025-09-19T23:35:40,571.265,2075.9333333333334,2150.0666666666666
2025-09-19T23:35:41,572.389,2077.9333333333334,2150.0666666666666
2025-09-19T23:35:42,573.517,2078.9333333333334,2148.0666666666666
2025-09-19T23:37:15,666.367,,3718.0666666666666
2025-09-19T23:37:16,667.483,1655.9333333333332,3768.0666666666666
2025-09-19T23:37:17,668.592,1717.9333333333332,3999.0666666666666
2025-09-19T23:37:18,669.702,1814.9333333333332,4211.066666666667
2025-09-19T23:37:19,670.811,1861.9333333333332,4389.066666666667
2025-09-19T23:37:20,671.924,1903.9333333333332,4437.066666666667
2025-09-19T23:37:22,673.049,1936.9333333333332,4437.066666666667
2025-09-19T23:37:23,674.175,1966.9333333333332,4437.066666666667
2025-09-19T23:37:24,675.296,1998.9333333333332,4437.066666666667
2025-09-19T23:37:25,676.425,2027.9333333333332,4437.066666666667
2025-09-19T23:37:26,677.552,2051.9333333333334,4437.066666666667
2025-09-19T23:37:27,678.675,2093.9333333333334,4437.066666666667
2025-09-19T23:37:28,679.783,2110.9333333333334,4437.066666666667
2025-09-19T23:37:29,680.908,2121.9333333333334,4437.066666666667
2025-09-19T23:37:31,682.040,2131.9333333333334,4437.066666666667
2025-09-19T23:37:32,683.173,2148.9333333333334,4437.066666666667
2025-09-19T23:37:33,684.289,2165.9333333333334,4437.066666666667
2025-09-19T23:37:34,685.417,2177.9333333333334,4437.066666666667
2025-09-19T23:37:35,686.526,2188.9333333333334,4437.066666666667
2025-09-19T23:37:36,687.657,2197.9333333333334,4437.066666666667
2025-09-19T23:37:37,688.778,2214.9333333333334,4437.066666666667
2025-09-19T23:37:38,689.904,2221.9333333333334,4437.066666666667
2025-09-19T23:37:40,691.028,2232.9333333333334,4437.066666666667
2025-09-19T23:37:41,692.156,2240.9333333333334,4437.066666666667
2025-09-19T23:37:42,693.279,2252.9333333333334,4437.066666666667
2025-09-19T23:37:43,694.393,2262.9333333333334,4437.066666666667
2025-09-19T23:37:44,695.516,2270.9333333333334,4437.066666666667
2025-09-19T23:37:45,696.636,2279.9333333333334,4437.066666666667
2025-09-19T23:37:46,697.751,2289.9333333333334,4437.066666666667
2025-09-19T23:37:47,698.876,2304.9333333333334,4437.066666666667
2025-09-19T23:37:49,700.007,2316.9333333333334,4437.066666666667
2025-09-19T23:37:50,701.140,2321.9333333333334,4437.066666666667
2025-09-19T23:37:51,702.267,2326.9333333333334,4437.066666666667
2025-09-19T23:37:52,703.391,2336.9333333333334,4437.066666666667
2025-09-19T23:37:53,704.518,2344.9333333333334,4437.066666666667
2025-09-19T23:37:54,705.648,2350.9333333333334,4437.066666666667
2025-09-19T23:37:55,706.770,2364.9333333333334,4437.066666666667
2025-09-19T23:37:56,707.882,2371.9333333333334,4437.066666666667
2025-09-19T23:37:58,708.990,2377.9333333333334,4437.066666666667
2025-09-19T23:37:59,710.117,2381.9333333333334,4437.066666666667
2025-09-19T23:38:00,711.231,2387.9333333333334,4437.066666666667
2025-09-19T23:38:01,712.358,2391.9333333333334,4437.066666666667
2025-09-19T23:38:02,713.475,2399.9333333333334,4437.066666666667
2025-09-19T23:38:03,714.601,2405.9333333333334,4437.066666666667
2025-09-19T23:38:04,715.729,2416.9333333333334,4437.066666666667
2025-09-19T23:38:05,716.860,2432.9333333333334,4437.066666666667
2025-09-19T23:38:07,717.978,2437.9333333333334,4437.066666666667
2025-09-19T23:38:08,719.109,2448.9333333333334,4437.066666666667
2025-09-19T23:38:23,1.452,2568.93,4437.07
2025-09-19T23:38:24,2.563,2577.93,4437.07
2025-09-19T23:38:25,3.691,2586.93,4437.07
2025-09-19T23:38:26,4.816,2599.93,4437.07
2025-09-19T23:38:27,5.943,2609.93,4437.07
2025-09-19T23:38:28,7.064,2619.93,4437.07
2025-09-19T23:38:29,8.180,2642.93,4437.07
2025-09-19T23:38:31,9.304,2654.93,4437.07
2025-09-19T23:38:32,10.424,2664.93,4437.07
2025-09-19T23:38:33,11.547,2678.93,4437.07
2025-09-19T23:38:34,12.669,2691.93,4437.07
2025-09-19T23:38:35,13.792,2706.93,4437.07
2025-09-19T23:38:36,14.903,3619.625,3535.3750000000005
2025-09-19T23:38:37,16.009,3627.625,3535.3750000000005
2025-09-19T23:38:38,17.137,3638.625,3535.3750000000005
2025-09-19T23:38:40,18.267,3667.625,3535.3750000000005
2025-09-19T23:38:41,19.390,3683.625,3535.3750000000005
2025-09-19T23:38:42,20.519,3693.625,3535.3750000000005
2025-09-19T23:38:43,21.644,3714.625,3535.3750000000005
2025-09-19T23:38:44,22.770,3734.625,3535.3750000000005
2025-09-19T23:38:45,23.896,3738.625,3535.3750000000005
2025-09-19T23:38:46,25.017,3750.625,3535.3750000000005
2025-09-19T23:38:47,26.138,3774.625,3535.3750000000005
2025-09-19T23:38:48,27.249,3802.625,3535.3750000000005
2025-09-19T23:38:50,28.374,3819.625,3535.3750000000005
2025-09-19T23:38:51,29.500,3835.625,3535.3750000000005
2025-09-19T23:38:52,30.625,3849.625,3535.3750000000005
2025-09-19T23:38:53,31.748,3863.625,3535.3750000000005
2025-09-19T23:38:54,32.867,3884.625,3535.3750000000005
2025-09-19T23:38:55,33.987,3915.625,3535.3750000000005
2025-09-19T23:38:56,35.112,3941.625,3535.3750000000005
2025-09-19T23:38:57,36.225,3987.625,3535.3750000000005
2025-09-19T23:38:59,37.361,4007.625,3535.3750000000005
2025-09-19T23:39:00,38.493,4032.625,3535.3750000000005
2025-09-19T23:39:01,39.618,4050.625,3535.3750000000005
2025-09-19T23:39:02,40.742,4072.625,3535.3750000000005
2025-09-19T23:39:03,41.871,4095.625,3535.3750000000005
2025-09-19T23:39:04,42.997,4118.625,3535.3750000000005
2025-09-19T23:39:05,44.115,4149.625,3535.3750000000005
2025-09-19T23:39:06,45.218,4168.625,3535.3750000000005
2025-09-19T23:39:08,46.344,4221.625,3535.3750000000005
2025-09-19T23:39:09,47.470,4248.625,3535.3750000000005
2025-09-19T23:39:10,48.583,4270.625,3535.3750000000005
2025-09-19T23:39:11,49.711,4296.625,3535.3750000000005
2025-09-19T23:39:12,50.831,4323.625,3535.3750000000005
2025-09-19T23:39:13,51.955,4348.625,3535.3750000000005
2025-09-19T23:39:14,53.072,4372.625,3535.3750000000005
2025-09-19T23:39:15,54.198,4398.625,3535.3750000000005
2025-09-19T23:39:17,55.307,4450.625,3535.3750000000005
2025-09-19T23:39:18,56.433,4477.625,3535.3750000000005
2025-09-19T23:39:19,57.560,4505.625,3535.3750000000005
2025-09-19T23:39:20,58.681,4533.625,3535.3750000000005
2025-09-19T23:39:21,59.812,4566.625,3535.3750000000005
2025-09-19T23:39:22,60.944,4596.625,3535.3750000000005
2025-09-19T23:39:23,62.070,4634.625,3535.3750000000005
2025-09-19T23:39:24,63.200,4668.625,3535.3750000000005
2025-09-19T23:39:26,64.320,4717.625,3535.3750000000005
2025-09-19T23:39:27,65.449,4744.625,3535.3750000000005
2025-09-19T23:39:28,66.559,4768.625,3535.3750000000005
2025-09-19T23:39:29,67.686,4809.625,3535.3750000000005
2025-09-19T23:39:30,68.813,4844.625,3535.3750000000005
2025-09-19T23:39:31,69.943,4871.625,3535.3750000000005
2025-09-19T23:39:32,71.070,4898.625,3535.3750000000005
2025-09-19T23:39:33,72.186,4919.625,3535.3750000000005
2025-09-19T23:39:35,73.313,4969.625,3535.3750000000005
2025-09-19T23:39:36,74.442,4990.625,3535.3750000000005
2025-09-19T23:39:37,75.569,5012.625,3535.3750000000005
2025-09-19T23:39:38,76.692,5028.625,3535.3750000000005
2025-09-19T23:39:39,77.817,5047.625,3535.3750000000005
2025-09-19T23:39:40,78.940,5068.625,3535.3750000000005
2025-09-19T23:39:41,80.074,5087.625,3535.3750000000005
2025-09-19T23:39:42,81.204,5100.625,3535.3750000000005
2025-09-19T23:39:44,82.330,5116.625,3535.3750000000005
2025-09-19T23:39:45,83.458,5145.625,3535.3750000000005
2025-09-19T23:39:46,84.581,5157.625,3535.3750000000005
2025-09-19T23:39:47,85.695,5173.625,3535.3750000000005
2025-09-19T23:39:48,86.811,5181.625,3535.3750000000005
2025-09-19T23:52:04,1.446,1964.62,-964.6199999999999
2025-09-19T23:52:05,2.565,1964.62,-964.6199999999999
2025-09-19T23:52:06,3.684,1964.62,-964.6199999999999
2025-09-19T23:52:07,4.803,1964.62,-964.6199999999999
2025-09-19T23:52:08,5.925,1964.62,-964.6199999999999
2025-09-19T23:52:09,7.046,5416.62,3535.38
2025-09-19T23:52:10,8.175,5419.62,3535.38
2025-09-19T23:52:11,9.300,5421.62,3535.38
2025-09-19T23:52:13,10.427,5419.62,3535.38
2025-09-19T23:52:14,11.551,5416.62,3535.38
2025-09-19T23:52:15,12.680,5414.62,3535.38
2025-09-19T23:52:16,13.801,5419.62,3535.38
2025-09-19T23:52:17,14.923,5424.62,3535.38
2025-09-19T23:52:18,16.043,5426.62,3535.38
2025-09-19T23:52:19,17.167,5428.62,3535.38
2025-09-19T23:52:20,18.297,5429.62,3535.38
2025-09-19T23:52:22,19.423,5429.62,3535.38
2025-09-19T23:52:23,20.556,5429.62,3535.38
2025-09-19T23:52:24,21.685,5429.62,3535.38
2025-09-19T23:52:25,22.815,5427.62,3535.38
2025-09-19T23:52:26,23.943,5427.62,3535.38
2025-09-20T00:51:32,5.320,,3795.62
2025-09-20T00:51:34,7.429,,3799.62
2025-09-20T00:51:36,9.533,,3793.62
2025-09-20T00:51:38,11.637,,3786.62
2025-09-20T00:51:40,13.734,,3792.62
2025-09-20T00:51:42,15.839,,3799.62
2025-09-20T00:51:44,17.936,,3805.62
2025-09-20T00:54:59,3.840,3796.62,2006.38
2025-09-20T00:55:01,4.953,3794.62,2005.38
2025-09-20T00:55:02,6.078,3791.62,2005.38
2025-09-20T00:55:03,7.191,3789.62,2001.38
2025-09-20T00:55:04,8.318,3782.62,1997.38
2025-09-20T00:55:05,9.434,3777.62,1996.38
2025-09-20T00:55:06,10.563,3777.62,1996.38
2025-09-20T00:55:07,11.689,3782.62,1996.38
2025-09-20T00:55:08,12.818,3788.62,1997.38
2025-09-20T00:55:10,13.945,3788.62,1999.38
2025-09-20T00:55:11,15.073,3788.62,1994.38
2025-09-20T00:55:12,16.186,3792.62,1988.38
2025-09-20T00:55:13,17.314,3795.62,1992.38
2025-09-20T00:55:14,18.446,3796.62,1996.38
2025-09-20T00:55:15,19.577,3796.62,1996.38
2025-09-20T00:55:16,20.694,3799.62,1996.38
2025-09-20T01:33:04,3.849,524.0,5000.0
2025-09-20T01:33:05,4.961,527.0,5000.0
2025-09-20T01:33:06,6.085,535.0,5000.0
2025-09-20T01:33:08,7.207,543.0,5000.0
2025-09-20T01:33:09,8.332,548.0,5000.0
2025-09-20T01:33:10,9.457,549.0,5000.0
2025-09-20T01:33:11,10.574,556.0,5000.0
2025-09-20T01:33:12,11.698,2789.857142857143,2770.1428571428573
2025-09-20T01:33:13,12.800,2792.857142857143,2770.1428571428573
2025-09-20T01:33:14,13.907,2792.857142857143,2770.1428571428573
2025-09-20T01:33:15,15.029,2795.857142857143,2770.1428571428573
2025-09-20T01:33:17,16.158,2799.857142857143,2770.1428571428573
2025-09-20T01:33:18,17.287,2803.857142857143,2770.1428571428573
2025-09-20T01:33:19,18.408,2811.857142857143,2770.1428571428573
2025-09-20T01:33:20,19.531,2818.857142857143,2770.1428571428573
2025-09-20T01:33:21,20.663,2827.857142857143,2770.1428571428573
2025-09-20T01:33:22,21.791,2838.857142857143,2770.1428571428573
2025-09-20T01:33:23,22.918,2845.857142857143,2770.1428571428573
2025-09-20T01:33:24,24.062,2848.857142857143,2770.1428571428573
2025-09-20T01:33:26,25.176,2851.857142857143,2770.1428571428573
2025-09-20T01:33:27,26.301,2852.857142857143,2770.1428571428573
2025-09-20T01:33:28,27.428,2854.857142857143,2770.1428571428573
2025-09-20T01:33:29,28.532,2864.857142857143,2770.1428571428573
2025-09-20T01:33:30,29.656,2866.857142857143,2770.1428571428573
2025-09-20T01:33:31,30.759,2866.857142857143,2770.1428571428573
2025-09-20T01:33:32,31.885,2874.857142857143,2770.1428571428573
2025-09-20T01:33:33,32.993,2882.857142857143,2770.1428571428573
2025-09-20T01:33:34,34.118,2888.857142857143,2770.1428571428573
2025-09-20T01:33:36,35.246,2895.857142857143,2770.1428571428573
2025-09-20T01:33:37,36.356,2901.857142857143,2770.1428571428573
2025-09-20T01:33:38,37.464,2906.857142857143,2770.1428571428573
2025-09-20T01:33:39,38.578,2913.857142857143,2770.1428571428573
2025-09-20T01:33:40,39.705,2918.857142857143,2770.1428571428573
2025-09-20T01:33:41,40.815,2931.857142857143,2770.1428571428573
2025-09-20T01:33:42,41.923,2939.857142857143,2770.1428571428573
2025-09-20T01:33:43,43.042,2946.857142857143,2770.1428571428573
2025-09-20T01:33:45,44.152,2955.857142857143,2770.1428571428573
2025-09-20T01:33:46,45.262,2962.857142857143,2770.1428571428573
2025-09-20T01:33:47,46.382,2974.857142857143,2770.1428571428573
2025-09-20T01:33:48,47.507,2983.857142857143,2770.1428571428573
2025-09-20T01:33:49,48.635,2989.857142857143,2770.1428571428573
2025-09-20T01:33:50,49.762,3007.857142857143,2770.1428571428573
2025-09-20T01:33:51,50.871,3013.857142857143,2770.1428571428573
2025-09-20T01:33:52,51.999,3021.857142857143,2770.1428571428573
2025-09-20T01:33:53,53.124,3030.857142857143,2770.1428571428573
2025-09-20T01:33:55,54.236,3036.857142857143,2770.1428571428573
2025-09-20T01:33:56,55.369,3046.857142857143,2770.1428571428573
2025-09-20T01:33:57,56.502,3053.857142857143,2770.1428571428573
2025-09-20T01:33:58,57.620,3059.857142857143,2770.1428571428573
2025-09-20T01:33:59,58.743,3070.857142857143,2770.1428571428573
2025-09-20T01:34:00,59.861,3090.857142857143,2770.1428571428573
2025-09-20T01:34:01,60.978,3101.857142857143,2770.1428571428573
2025-09-20T01:34:02,62.100,3114.857142857143,2770.1428571428573
2025-09-20T01:34:04,63.224,3124.857142857143,2770.1428571428573
2025-09-20T01:34:05,64.347,3137.857142857143,2770.1428571428573
2025-09-20T01:34:06,65.473,3149.857142857143,2770.1428571428573
2025-09-20T01:34:07,66.600,3156.857142857143,2770.1428571428573
2025-09-20T01:34:08,67.722,3161.857142857143,2770.1428571428573
2025-09-20T01:34:09,68.848,3175.857142857143,2770.1428571428573
2025-09-20T01:34:10,69.978,3186.857142857143,2770.1428571428573
2025-09-20T01:34:11,71.103,3200.857142857143,2770.1428571428573
2025-09-20T01:34:13,72.232,3208.857142857143,2770.1428571428573
2025-09-20T01:34:14,73.352,3218.857142857143,2770.1428571428573
2025-09-20T01:34:15,74.475,3241.857142857143,2770.1428571428573
2025-09-20T01:34:16,75.602,3262.857142857143,2770.1428571428573
2025-09-20T01:34:17,76.725,3269.857142857143,2770.1428571428573
2025-09-20T01:34:18,77.844,3303.857142857143,2770.1428571428573
2025-09-20T01:34:19,78.972,3319.857142857143,2770.1428571428573
2025-09-20T01:34:20,80.100,3327.857142857143,2770.1428571428573
2025-09-20T01:34:22,81.228,3344.857142857143,2770.1428571428573
2025-09-20T01:34:23,82.348,3374.857142857143,2770.1428571428573
2025-09-20T01:34:24,83.456,3392.857142857143,
2025-09-20T01:34:25,84.566,3408.857142857143,
2025-09-20T01:34:26,85.673,3434.857142857143,
2025-09-20T01:34:27,86.770,3463.857142857143,
2025-09-20T01:34:28,87.865,3512.857142857143,
2025-09-20T01:34:29,88.961,3531.857142857143,
2025-09-20T01:34:30,90.060,3555.857142857143,
2025-09-20T01:34:32,91.148,3581.857142857143,
2025-09-20T01:34:33,92.240,3621.857142857143,
2025-09-20T01:34:34,93.332,3646.857142857143,
2025-09-20T01:34:35,94.418,3668.857142857143,
2025-09-20T01:34:36,95.522,3696.857142857143,
2025-09-20T01:34:37,96.627,3724.857142857143,
2025-09-20T01:34:38,97.730,3749.857142857143,
2025-09-20T01:34:39,98.826,3775.857142857143,
2025-09-20T01:34:40,99.919,3826.857142857143,
2025-09-20T01:34:41,101.023,3846.857142857143,
2025-09-20T01:34:42,102.126,3870.857142857143,
2025-09-20T01:34:44,103.236,3896.857142857143,
2025-09-20T01:34:45,104.352,3924.857142857143,
2025-09-20T01:34:46,105.455,3947.857142857143,
2025-09-20T01:34:47,106.550,3970.857142857143,
2025-09-20T01:34:48,107.642,4003.857142857143,
2025-09-20T01:34:49,108.734,4035.857142857143,
2025-09-20T01:34:50,109.836,4055.857142857143,
2025-09-20T01:34:51,110.923,4088.857142857143,
2025-09-20T01:34:52,112.008,4109.857142857143,
2025-09-20T01:34:53,113.117,4129.857142857143,
2025-09-20T01:34:55,114.223,4146.857142857143,
2025-09-20T01:34:56,115.324,4160.857142857143,
2025-09-20T01:34:57,116.433,4171.857142857143,
2025-09-20T01:34:58,117.545,4181.857142857143,
2025-09-20T01:34:59,118.649,4188.857142857143,
2025-09-20T01:35:00,119.753,4195.857142857143,
2025-09-20T01:35:01,120.840,4206.857142857143,
2025-09-20T01:35:02,121.948,4222.857142857143,
2025-09-20T01:35:04,123.181,,
2025-09-20T01:35:05,124.257,,
2025-09-20T01:35:06,125.340,,
2025-09-20T01:35:07,126.403,,
2025-09-20T01:35:08,127.486,,
2025-09-20T01:35:09,128.554,,
2025-09-20T01:35:10,129.628,,
